node_id,node_name,object_id,object_name
1,toilet_bowl@node_20,0,toilet_bowl
2,ceiling@node_2248,1,ceiling
3,shelf_02@node_6424,2,shelf_02
4,shelf_01@node_3883,3,shelf_01
5,cabinet@node_8422,4,cabinet
6,sponge_01@node_8685,5,sponge_01
7,sponge_02@node_11022,6,sponge_02
8,towel_01@node_11023,7,towel_01
9,window_board_01@node_13797,8,window_board_01
10,window_board_02@node_11034,9,window_board_02
11,walls@node_13816,10,walls
12,floor@node_13818,11,floor
13,towel_02@node_13836,12,towel_02
14,knob@node_13847,13,knob
15,towel_03@node_14077,14,towel_03
16,towel_04@node_14078,15,towel_04
17,background@node_14080,16,background
18,tap2@node_14122,17,tap2
19,floor_tile_obj_01@node_6651,18,floor_tile_obj_01
20,floor_tile_obj_02@node_6434,19,floor_tile_obj_02
21,floor_tile_obj_03@node_6435,20,floor_tile_obj_03
22,floor_tile_obj_04@node_6436,21,floor_tile_obj_04
23,floor_tile_obj_05@node_6437,22,floor_tile_obj_05
24,floor_tile_obj_06@node_6438,23,floor_tile_obj_06
25,floor_tile_obj_07@node_6439,24,floor_tile_obj_07
26,floor_tile_obj_08@node_6444,25,floor_tile_obj_08
27,floor_tile_obj_09@node_6446,26,floor_tile_obj_09
28,floor_tile_obj_10@node_6447,27,floor_tile_obj_10
29,floor_tile_obj_11@node_6448,28,floor_tile_obj_11
30,floor_tile_obj_12@node_6449,29,floor_tile_obj_12
31,floor_tile_obj_13@node_6450,30,floor_tile_obj_13
32,floor_tile_obj_14@node_6451,31,floor_tile_obj_14
33,floor_tile_obj_15@node_6453,32,floor_tile_obj_15
34,floor_tile_obj_16@node_6456,33,floor_tile_obj_16
35,floor_tile_obj_17@node_6457,34,floor_tile_obj_17
36,floor_tile_obj_18@node_6458,35,floor_tile_obj_18
37,floor_tile_obj_19@node_6459,36,floor_tile_obj_19
38,floor_tile_obj_20@node_6460,37,floor_tile_obj_20
39,floor_tile_obj_21@node_6461,38,floor_tile_obj_21
40,floor_tile_obj_22@node_6462,39,floor_tile_obj_22
41,floor_tile_obj_23@node_6463,40,floor_tile_obj_23
42,floor_tile_obj_24@node_6464,41,floor_tile_obj_24
43,floor_tile_obj_25@node_6465,42,floor_tile_obj_25
44,floor_tile_obj_26@node_6467,43,floor_tile_obj_26
45,floor_tile_obj_27@node_6468,44,floor_tile_obj_27
46,floor_tile_obj_28@node_6469,45,floor_tile_obj_28
47,floor_tile_obj_29@node_6470,46,floor_tile_obj_29
48,floor_tile_obj_30@node_6471,47,floor_tile_obj_30
49,floor_tile_obj_31@node_6472,48,floor_tile_obj_31
50,floor_tile_obj_32@node_6473,49,floor_tile_obj_32
51,floor_tile_obj_33@node_6474,50,floor_tile_obj_33
52,floor_tile_obj_34@node_6475,51,floor_tile_obj_34
53,floor_tile_obj_35@node_6476,52,floor_tile_obj_35
54,floor_tile_obj_36@node_6477,53,floor_tile_obj_36
55,floor_tile_obj_37@node_6478,54,floor_tile_obj_37
56,floor_tile_obj_38@node_6479,55,floor_tile_obj_38
57,floor_tile_obj_39@node_6480,56,floor_tile_obj_39
58,floor_tile_obj_40@node_6481,57,floor_tile_obj_40
59,floor_tile_obj_41@node_6482,58,floor_tile_obj_41
60,floor_tile_obj_42@node_6483,59,floor_tile_obj_42
61,floor_tile_obj_43@node_6484,60,floor_tile_obj_43
62,floor_tile_obj_44@node_6485,61,floor_tile_obj_44
63,floor_tile_obj_45@node_6486,62,floor_tile_obj_45
64,floor_tile_obj_46@node_6487,63,floor_tile_obj_46
65,floor_tile_obj_47@node_6488,64,floor_tile_obj_47
66,floor_tile_obj_48@node_6489,65,floor_tile_obj_48
67,floor_tile_obj_49@node_6490,66,floor_tile_obj_49
68,floor_tile_obj_50@node_6491,67,floor_tile_obj_50
69,floor_tile_obj_51@node_6492,68,floor_tile_obj_51
70,floor_tile_obj_52@node_6493,69,floor_tile_obj_52
71,floor_tile_obj_53@node_6494,70,floor_tile_obj_53
72,floor_tile_obj_54@node_6495,71,floor_tile_obj_54
73,floor_tile_obj_55@node_6496,72,floor_tile_obj_55
74,floor_tile_obj_56@node_6497,73,floor_tile_obj_56
75,floor_tile_obj_57@node_6498,74,floor_tile_obj_57
76,floor_tile_obj_58@node_6499,75,floor_tile_obj_58
77,floor_tile_obj_59@node_6500,76,floor_tile_obj_59
78,floor_tile_obj_60@node_6501,77,floor_tile_obj_60
79,floor_tile_obj_61@node_6502,78,floor_tile_obj_61
80,floor_tile_obj_62@node_6503,79,floor_tile_obj_62
81,floor_tile_obj_63@node_6504,80,floor_tile_obj_63
82,floor_tile_obj_64@node_6505,81,floor_tile_obj_64
83,floor_tile_obj_65@node_6506,82,floor_tile_obj_65
84,floor_tile_obj_66@node_6507,83,floor_tile_obj_66
85,floor_tile_obj_67@node_6508,84,floor_tile_obj_67
86,floor_tile_obj_68@node_6509,85,floor_tile_obj_68
87,floor_tile_obj_69@node_6510,86,floor_tile_obj_69
88,floor_tile_obj_70@node_6511,87,floor_tile_obj_70
89,floor_tile_obj_71@node_6512,88,floor_tile_obj_71
90,floor_tile_obj_72@node_6513,89,floor_tile_obj_72
91,floor_tile_obj_73@node_6514,90,floor_tile_obj_73
92,floor_tile_obj_74@node_6515,91,floor_tile_obj_74
93,floor_tile_obj_75@node_6516,92,floor_tile_obj_75
94,floor_tile_obj_76@node_6517,93,floor_tile_obj_76
95,floor_tile_obj_77@node_6518,94,floor_tile_obj_77
96,floor_tile_obj_78@node_6519,95,floor_tile_obj_78
97,floor_tile_obj_79@node_6520,96,floor_tile_obj_79
98,floor_tile_obj_80@node_6521,97,floor_tile_obj_80
99,floor_tile_obj_81@node_6522,98,floor_tile_obj_81
100,floor_tile_obj_82@node_6523,99,floor_tile_obj_82
101,floor_tile_obj_83@node_6524,100,floor_tile_obj_83
102,floor_tile_obj_84@node_6525,101,floor_tile_obj_84
103,floor_tile_obj_85@node_6527,102,floor_tile_obj_85
104,floor_tile_obj_86@node_6528,103,floor_tile_obj_86
105,floor_tile_obj_87@node_6529,104,floor_tile_obj_87
106,floor_tile_obj_88@node_6530,105,floor_tile_obj_88
107,floor_tile_obj_89@node_6531,106,floor_tile_obj_89
108,floor_tile_obj_90@node_6532,107,floor_tile_obj_90
109,floor_tile_obj_91@node_6533,108,floor_tile_obj_91
110,floor_tile_obj_92@node_6534,109,floor_tile_obj_92
111,floor_tile_obj_93@node_6535,110,floor_tile_obj_93
112,floor_tile_obj_94@node_6536,111,floor_tile_obj_94
113,floor_tile_obj_95@node_6537,112,floor_tile_obj_95
114,floor_tile_obj_96@node_6540,113,floor_tile_obj_96
115,floor_tile_obj_97@node_6541,114,floor_tile_obj_97
116,floor_tile_obj_98@node_6542,115,floor_tile_obj_98
117,floor_tile_obj_99@node_6543,116,floor_tile_obj_99
118,floor_tile_obj_100@node_6544,117,floor_tile_obj_100
119,floor_tile_obj_101@node_6545,118,floor_tile_obj_101
120,floor_tile_obj_102@node_6546,119,floor_tile_obj_102
121,floor_tile_obj_103@node_6547,120,floor_tile_obj_103
122,floor_tile_obj_104@node_6548,121,floor_tile_obj_104
123,floor_tile_obj_105@node_6549,122,floor_tile_obj_105
124,floor_tile_obj_106@node_6552,123,floor_tile_obj_106
125,floor_tile_obj_107@node_6554,124,floor_tile_obj_107
126,floor_tile_obj_108@node_6555,125,floor_tile_obj_108
127,floor_tile_obj_109@node_6556,126,floor_tile_obj_109
128,floor_tile_obj_110@node_6557,127,floor_tile_obj_110
129,floor_tile_obj_111@node_6558,128,floor_tile_obj_111
130,floor_tile_obj_112@node_6559,129,floor_tile_obj_112
131,floor_tile_obj_113@node_6560,130,floor_tile_obj_113
132,floor_tile_obj_114@node_6561,131,floor_tile_obj_114
133,floor_tile_obj_115@node_6566,132,floor_tile_obj_115
134,floor_tile_obj_116@node_6567,133,floor_tile_obj_116
135,floor_tile_obj_117@node_6568,134,floor_tile_obj_117
136,floor_tile_obj_118@node_6569,135,floor_tile_obj_118
137,floor_tile_obj_119@node_6570,136,floor_tile_obj_119
138,floor_tile_obj_120@node_6572,137,floor_tile_obj_120
139,floor_tile_obj_121@node_6579,138,floor_tile_obj_121
140,floor_tile_obj_122@node_6580,139,floor_tile_obj_122
141,floor_tile_obj_123@node_6581,140,floor_tile_obj_123
142,floor_tile_obj_124@node_6593,141,floor_tile_obj_124
143,floor_tile_obj_125@node_6634,142,floor_tile_obj_125
144,floor_tile_obj_126@node_6638,143,floor_tile_obj_126
145,floor_tile_obj_127@node_6639,144,floor_tile_obj_127
146,floor_tile_obj_128@node_6642,145,floor_tile_obj_128
147,floor_tile_obj_129@node_6643,146,floor_tile_obj_129
148,floor_tile_obj_130@node_6645,147,floor_tile_obj_130
149,floor_tile_obj_131@node_6646,148,floor_tile_obj_131
150,floor_tile_obj_132@node_6647,149,floor_tile_obj_132
151,floor_tile_obj_133@node_6648,150,floor_tile_obj_133
152,floor_tile_obj_134@node_6649,151,floor_tile_obj_134
153,floor_tile_obj_135@node_6650,152,floor_tile_obj_135
154,floor_tile_obj_136@node_6652,153,floor_tile_obj_136
155,floor_tile_obj_137@node_6653,154,floor_tile_obj_137
156,floor_tile_obj_138@node_6654,155,floor_tile_obj_138
157,floor_tile_obj_139@node_6655,156,floor_tile_obj_139
158,floor_tile_obj_140@node_6656,157,floor_tile_obj_140
159,floor_tile_obj_141@node_6657,158,floor_tile_obj_141
160,floor_tile_obj_142@node_6658,159,floor_tile_obj_142
161,floor_tile_obj_143@node_6659,160,floor_tile_obj_143
162,floor_tile_obj_144@node_6661,161,floor_tile_obj_144
163,floor_tile_obj_145@node_6662,162,floor_tile_obj_145
164,floor_tile_obj_146@node_6663,163,floor_tile_obj_146
165,floor_tile_obj_147@node_6666,164,floor_tile_obj_147
166,floor_tile_obj_148@node_6691,165,floor_tile_obj_148
167,floor_tile_obj_149@node_6692,166,floor_tile_obj_149
168,floor_tile_obj_150@node_6693,167,floor_tile_obj_150
169,floor_tile_obj_151@node_6694,168,floor_tile_obj_151
170,floor_tile_obj_152@node_6709,169,floor_tile_obj_152
171,tray@node_11014,170,tray
172,nivea_obj_01@node_17112,171,nivea_obj_01
173,nivea_obj_02@node_17113,172,nivea_obj_02
174,shampoo1_obj_01@node_17143,173,shampoo1_obj_01
175,shampoo1_obj_02@node_17144,174,shampoo1_obj_02
176,shampoo1_obj_03@node_17145,175,shampoo1_obj_03
177,shampoo1_obj_04@node_17146,176,shampoo1_obj_04
178,shampoo2_obj_01@node_17148,177,shampoo2_obj_01
179,shampoo2_obj_02@node_17149,178,shampoo2_obj_02
180,shampoo2_obj_03@node_17150,179,shampoo2_obj_03
181,shampoo2_obj_04@node_17151,180,shampoo2_obj_04
182,toothbrush_obj_03@node_17157,181,toothbrush_obj_03
183,toothbrush_obj_04@node_17158,182,toothbrush_obj_04
184,toothbrush_obj_02@node_17159,183,toothbrush_obj_02
185,toothbrush_obj_01@node_17160,184,toothbrush_obj_01
186,cup@node_17161,185,cup
187,cotton_bud_obj_01@node_18095,186,cotton_bud_obj_01
188,cotton_bud_obj_02@node_18096,187,cotton_bud_obj_02
189,cotton_bud_obj_03@node_18097,188,cotton_bud_obj_03
190,cotton_bud_obj_04@node_18098,189,cotton_bud_obj_04
191,cotton_bud_obj_05@node_18099,190,cotton_bud_obj_05
192,cotton_bud_obj_06@node_18100,191,cotton_bud_obj_06
193,cotton_bud_obj_07@node_18101,192,cotton_bud_obj_07
194,cotton_bud_obj_08@node_18102,193,cotton_bud_obj_08
195,cotton_bud_obj_09@node_18103,194,cotton_bud_obj_09
196,cotton_bud_obj_10@node_18104,195,cotton_bud_obj_10
197,cotton_bud_obj_11@node_18105,196,cotton_bud_obj_11
198,cotton_bud_obj_12@node_18106,197,cotton_bud_obj_12
199,cotton_bud_obj_13@node_18107,198,cotton_bud_obj_13
200,cotton_bud_obj_14@node_18108,199,cotton_bud_obj_14
201,cotton_bud_obj_15@node_18109,200,cotton_bud_obj_15
202,cotton_bud_obj_16@node_18110,201,cotton_bud_obj_16
203,cotton_bud_obj_17@node_18111,202,cotton_bud_obj_17
204,cotton_bud_obj_18@node_18112,203,cotton_bud_obj_18
205,cotton_bud_obj_19@node_18113,204,cotton_bud_obj_19
206,cotton_bud_obj_20@node_18114,205,cotton_bud_obj_20
207,cotton_bud_obj_21@node_18115,206,cotton_bud_obj_21
208,cotton_bud_obj_22@node_18116,207,cotton_bud_obj_22
209,cotton_bud_obj_23@node_18117,208,cotton_bud_obj_23
210,cotton_bud_obj_24@node_18118,209,cotton_bud_obj_24
211,cotton_bud_obj_25@node_18119,210,cotton_bud_obj_25
212,cotton_bud_obj_26@node_18120,211,cotton_bud_obj_26
213,cotton_bud_obj_27@node_18121,212,cotton_bud_obj_27
214,cotton_bud_obj_28@node_18122,213,cotton_bud_obj_28
215,cotton_bud_obj_29@node_18123,214,cotton_bud_obj_29
216,cotton_bud_obj_30@node_18124,215,cotton_bud_obj_30
217,cotton_bud_obj_31@node_18125,216,cotton_bud_obj_31
218,cotton_bud_obj_32@node_18126,217,cotton_bud_obj_32
219,cotton_bud_obj_33@node_18127,218,cotton_bud_obj_33
220,cotton_bud_obj_34@node_18128,219,cotton_bud_obj_34
221,cotton_bud_obj_35@node_18129,220,cotton_bud_obj_35
222,cotton_bud_obj_36@node_18130,221,cotton_bud_obj_36
223,cotton_bud_obj_37@node_18131,222,cotton_bud_obj_37
224,cotton_bud_obj_38@node_18132,223,cotton_bud_obj_38
225,cotton_bud_obj_39@node_18133,224,cotton_bud_obj_39
226,cotton_bud_obj_40@node_18134,225,cotton_bud_obj_40
227,cotton_bud_obj_41@node_18135,226,cotton_bud_obj_41
228,cotton_bud_obj_42@node_18136,227,cotton_bud_obj_42
229,cotton_bud_obj_43@node_18137,228,cotton_bud_obj_43
230,cotton_bud_obj_44@node_18138,229,cotton_bud_obj_44
231,cotton_bud_obj_45@node_18139,230,cotton_bud_obj_45
232,cotton_bud_obj_46@node_18140,231,cotton_bud_obj_46
233,cotton_bud_obj_47@node_18141,232,cotton_bud_obj_47
234,cotton_bud_obj_48@node_18142,233,cotton_bud_obj_48
235,cotton_bud_obj_49@node_18143,234,cotton_bud_obj_49
236,cotton_bud_obj_50@node_18144,235,cotton_bud_obj_50
237,cotton_bud_obj_51@node_18145,236,cotton_bud_obj_51
238,cotton_bud_obj_52@node_18146,237,cotton_bud_obj_52
239,cotton_bud_obj_53@node_18147,238,cotton_bud_obj_53
240,cotton_bud_obj_54@node_18148,239,cotton_bud_obj_54
241,cotton_bud_obj_55@node_18149,240,cotton_bud_obj_55
242,cotton_bud_obj_56@node_18150,241,cotton_bud_obj_56
243,cotton_bud_obj_57@node_18151,242,cotton_bud_obj_57
244,cotton_bud_obj_58@node_18152,243,cotton_bud_obj_58
245,cotton_bud_obj_59@node_18153,244,cotton_bud_obj_59
246,cotton_bud_obj_60@node_18154,245,cotton_bud_obj_60
247,cotton_bud_obj_61@node_18155,246,cotton_bud_obj_61
248,cotton_bud_obj_62@node_18156,247,cotton_bud_obj_62
249,cotton_bud_obj_63@node_18157,248,cotton_bud_obj_63
250,cotton_bud_obj_64@node_18158,249,cotton_bud_obj_64
251,cotton_bud_obj_65@node_18159,250,cotton_bud_obj_65
252,cotton_bud_obj_66@node_18160,251,cotton_bud_obj_66
253,cotton_bud_obj_67@node_18161,252,cotton_bud_obj_67
254,cotton_bud_obj_68@node_18162,253,cotton_bud_obj_68
255,cotton_bud_obj_69@node_18163,254,cotton_bud_obj_69
256,cotton_bud_obj_70@node_18164,255,cotton_bud_obj_70
257,cotton_bud_obj_71@node_18165,256,cotton_bud_obj_71
258,door_obj_01@node_2240,257,door_obj_01
259,door_obj_02@node_2227,258,door_obj_02
260,door_obj_03@node_2228,259,door_obj_03
261,door_obj_04@node_2229,260,door_obj_04
262,door_obj_05@node_2230,261,door_obj_05
263,door_obj_06@node_2231,262,door_obj_06
264,door_obj_07@node_2232,263,door_obj_07
265,door_obj_08@node_2233,264,door_obj_08
266,door_obj_09@node_2234,265,door_obj_09
267,door_obj_10@node_2235,266,door_obj_10
268,door_obj_11@node_2236,267,door_obj_11
269,door_obj_12@node_2237,268,door_obj_12
270,door_obj_13@node_2238,269,door_obj_13
271,door_obj_14@node_2239,270,door_obj_14
272,door_obj_15@node_2241,271,door_obj_15
273,door_obj_16@node_2242,272,door_obj_16
274,door_obj_17@node_2243,273,door_obj_17
275,door_obj_18@node_2244,274,door_obj_18
276,door_obj_19@node_2245,275,door_obj_19
277,heater_obj_01@node_8435,276,heater_obj_01
278,heater_obj_02@node_8425,277,heater_obj_02
279,heater_obj_03@node_8426,278,heater_obj_03
280,heater_obj_04@node_8427,279,heater_obj_04
281,heater_obj_05@node_8428,280,heater_obj_05
282,heater_obj_06@node_8429,281,heater_obj_06
283,heater_obj_07@node_8430,282,heater_obj_07
284,heater_obj_08@node_8431,283,heater_obj_08
285,heater_obj_09@node_8432,284,heater_obj_09
286,heater_obj_10@node_8433,285,heater_obj_10
287,heater_obj_11@node_8434,286,heater_obj_11
288,heater_obj_12@node_8436,287,heater_obj_12
289,heater_obj_13@node_8437,288,heater_obj_13
290,heater_obj_14@node_8438,289,heater_obj_14
291,heater_obj_15@node_8439,290,heater_obj_15
292,heater_obj_16@node_8440,291,heater_obj_16
293,heater_obj_17@node_8441,292,heater_obj_17
294,heater_obj_18@node_8442,293,heater_obj_18
295,heater_obj_19@node_8443,294,heater_obj_19
296,heater_obj_20@node_8444,295,heater_obj_20
297,heater_obj_21@node_8445,296,heater_obj_21
298,heater_obj_22@node_8446,297,heater_obj_22
299,heater_obj_23@node_8447,298,heater_obj_23
300,window1_obj_02@node_27,300,window1_obj_02
301,window1_obj_03@node_28,301,window1_obj_03
302,window1_obj_04@node_29,302,window1_obj_04
303,window1_obj_05@node_35,303,window1_obj_05
304,window1_obj_06@node_36,304,window1_obj_06
305,window1_obj_07@node_37,305,window1_obj_07
306,window1_obj_08@node_38,306,window1_obj_08
307,window1_obj_09@node_39,307,window1_obj_09
308,window1_obj_01@node_26,299,window1_obj_01
309,window1_obj_10@node_23,308,window1_obj_10
310,window1_obj_12@node_25,310,window1_obj_12
311,window1_obj_11@node_24,309,window1_obj_11
312,window2_obj_03@node_13447,312,window2_obj_03
313,window2_obj_04@node_13448,313,window2_obj_04
314,window2_obj_05@node_13449,314,window2_obj_05
315,window2_obj_06@node_13450,315,window2_obj_06
316,window2_obj_07@node_13451,316,window2_obj_07
317,window2_obj_08@node_13452,317,window2_obj_08
318,window2_obj_01@node_13453,318,window2_obj_01
319,window2_obj_09@node_13454,319,window2_obj_09
320,window2_obj_02@node_13446,311,window2_obj_02
321,window2_obj_10@node_13442,320,window2_obj_10
322,window2_obj_12@node_13445,322,window2_obj_12
323,window2_obj_11@node_13444,321,window2_obj_11
324,duck_obj_01@node_11002,323,duck_obj_01
325,duck_obj_02@node_11000,324,duck_obj_02
326,duck_obj_03@node_11001,325,duck_obj_03
327,mirror_obj_01@node_9008,326,mirror_obj_01
328,mirror_obj_02@node_9007,327,mirror_obj_02
329,mirror_obj_03@node_9009,328,mirror_obj_03
330,mirror_obj_04@node_9010,329,mirror_obj_04
331,mirror_obj_05@node_9011,330,mirror_obj_05
332,sink_obj_01@node_11,331,sink_obj_01
333,sink_obj_02@node_10,332,sink_obj_02
334,sink_obj_03@node_6,333,sink_obj_03
335,sink_obj_04@node_14079,334,sink_obj_04
336,tape@node_2790,335,tape
337,soap_box_obj_01@node_9886,336,soap_box_obj_01
338,soap_box_obj_02@node_9883,337,soap_box_obj_02
339,soap_box_obj_03@node_9884,338,soap_box_obj_03
340,soap_box_obj_04@node_9885,339,soap_box_obj_04
341,wall_tile_obj_01@node_2051,340,wall_tile_obj_01
342,wall_tile_obj_02@node_2521,341,wall_tile_obj_02
343,wall_tile_obj_03@node_2522,342,wall_tile_obj_03
344,wall_tile_obj_04@node_2523,343,wall_tile_obj_04
345,wall_tile_obj_05@node_2524,344,wall_tile_obj_05
346,wall_tile_obj_06@node_2525,345,wall_tile_obj_06
347,wall_tile_obj_07@node_2526,346,wall_tile_obj_07
348,wall_tile_obj_08@node_2527,347,wall_tile_obj_08
349,wall_tile_obj_09@node_2528,348,wall_tile_obj_09
350,wall_tile_obj_10@node_2534,349,wall_tile_obj_10
351,wall_tile_obj_11@node_2536,350,wall_tile_obj_11
352,wall_tile_obj_12@node_2537,351,wall_tile_obj_12
353,wall_tile_obj_13@node_2538,352,wall_tile_obj_13
354,wall_tile_obj_14@node_2539,353,wall_tile_obj_14
355,wall_tile_obj_15@node_2540,354,wall_tile_obj_15
356,wall_tile_obj_16@node_2744,355,wall_tile_obj_16
357,wall_tile_obj_17@node_2745,356,wall_tile_obj_17
358,wall_tile_obj_18@node_2746,357,wall_tile_obj_18
359,wall_tile_obj_19@node_2747,358,wall_tile_obj_19
360,wall_tile_obj_20@node_2748,359,wall_tile_obj_20
361,wall_tile_obj_21@node_2749,360,wall_tile_obj_21
362,wall_tile_obj_22@node_2750,361,wall_tile_obj_22
363,wall_tile_obj_23@node_2751,362,wall_tile_obj_23
364,wall_tile_obj_24@node_2752,363,wall_tile_obj_24
365,wall_tile_obj_25@node_2753,364,wall_tile_obj_25
366,wall_tile_obj_26@node_2754,365,wall_tile_obj_26
367,wall_tile_obj_27@node_2755,366,wall_tile_obj_27
368,wall_tile_obj_28@node_2756,367,wall_tile_obj_28
369,wall_tile_obj_29@node_2757,368,wall_tile_obj_29
370,wall_tile_obj_30@node_2758,369,wall_tile_obj_30
371,wall_tile_obj_31@node_2760,370,wall_tile_obj_31
372,wall_tile_obj_32@node_2761,371,wall_tile_obj_32
373,wall_tile_obj_33@node_2762,372,wall_tile_obj_33
374,wall_tile_obj_34@node_2763,373,wall_tile_obj_34
375,wall_tile_obj_35@node_2767,374,wall_tile_obj_35
376,wall_tile_obj_36@node_2768,375,wall_tile_obj_36
377,wall_tile_obj_37@node_2769,376,wall_tile_obj_37
378,wall_tile_obj_38@node_2770,377,wall_tile_obj_38
379,wall_tile_obj_39@node_2771,378,wall_tile_obj_39
380,wall_tile_obj_40@node_2772,379,wall_tile_obj_40
381,wall_tile_obj_41@node_2773,380,wall_tile_obj_41
382,wall_tile_obj_42@node_2774,381,wall_tile_obj_42
383,wall_tile_obj_43@node_2776,382,wall_tile_obj_43
384,wall_tile_obj_44@node_2777,383,wall_tile_obj_44
385,wall_tile_obj_45@node_2778,384,wall_tile_obj_45
386,wall_tile_obj_46@node_2779,385,wall_tile_obj_46
387,wall_tile_obj_47@node_2784,386,wall_tile_obj_47
388,wall_tile_obj_48@node_2785,387,wall_tile_obj_48
389,wall_tile_obj_49@node_13806,388,wall_tile_obj_49
390,wall_tile_obj_50@node_1996,389,wall_tile_obj_50
391,wall_tile_obj_51@node_2034,390,wall_tile_obj_51
392,wall_tile_obj_52@node_2035,391,wall_tile_obj_52
393,wall_tile_obj_53@node_2036,392,wall_tile_obj_53
394,wall_tile_obj_54@node_2039,393,wall_tile_obj_54
395,wall_tile_obj_55@node_2040,394,wall_tile_obj_55
396,wall_tile_obj_56@node_2041,395,wall_tile_obj_56
397,wall_tile_obj_57@node_2042,396,wall_tile_obj_57
398,wall_tile_obj_58@node_2043,397,wall_tile_obj_58
399,wall_tile_obj_59@node_2044,398,wall_tile_obj_59
400,wall_tile_obj_60@node_2045,399,wall_tile_obj_60
401,wall_tile_obj_61@node_2046,400,wall_tile_obj_61
402,wall_tile_obj_62@node_2047,401,wall_tile_obj_62
403,wall_tile_obj_63@node_2048,402,wall_tile_obj_63
404,wall_tile_obj_64@node_2049,403,wall_tile_obj_64
405,wall_tile_obj_65@node_2050,404,wall_tile_obj_65
406,wall_tile_obj_66@node_2052,405,wall_tile_obj_66
407,wall_tile_obj_67@node_2053,406,wall_tile_obj_67
408,wall_tile_obj_68@node_2054,407,wall_tile_obj_68
409,wall_tile_obj_69@node_2055,408,wall_tile_obj_69
410,wall_tile_obj_70@node_2056,409,wall_tile_obj_70
411,wall_tile_obj_71@node_2057,410,wall_tile_obj_71
412,wall_tile_obj_72@node_2058,411,wall_tile_obj_72
413,wall_tile_obj_73@node_2059,412,wall_tile_obj_73
414,wall_tile_obj_74@node_2060,413,wall_tile_obj_74
415,wall_tile_obj_75@node_2061,414,wall_tile_obj_75
416,wall_tile_obj_76@node_2062,415,wall_tile_obj_76
417,wall_tile_obj_77@node_2063,416,wall_tile_obj_77
418,wall_tile_obj_78@node_2064,417,wall_tile_obj_78
419,wall_tile_obj_79@node_2065,418,wall_tile_obj_79
420,wall_tile_obj_80@node_2066,419,wall_tile_obj_80
421,wall_tile_obj_81@node_2067,420,wall_tile_obj_81
422,wall_tile_obj_82@node_2068,421,wall_tile_obj_82
423,wall_tile_obj_83@node_2069,422,wall_tile_obj_83
424,wall_tile_obj_84@node_2070,423,wall_tile_obj_84
425,wall_tile_obj_85@node_2071,424,wall_tile_obj_85
426,wall_tile_obj_86@node_2072,425,wall_tile_obj_86
427,wall_tile_obj_87@node_2073,426,wall_tile_obj_87
428,wall_tile_obj_88@node_2074,427,wall_tile_obj_88
429,wall_tile_obj_89@node_2075,428,wall_tile_obj_89
430,wall_tile_obj_90@node_2076,429,wall_tile_obj_90
431,wall_tile_obj_91@node_2077,430,wall_tile_obj_91
432,wall_tile_obj_92@node_2078,431,wall_tile_obj_92
433,wall_tile_obj_93@node_2079,432,wall_tile_obj_93
434,wall_tile_obj_94@node_2080,433,wall_tile_obj_94
435,wall_tile_obj_95@node_2081,434,wall_tile_obj_95
436,wall_tile_obj_96@node_2082,435,wall_tile_obj_96
437,wall_tile_obj_97@node_2083,436,wall_tile_obj_97
438,wall_tile_obj_98@node_2084,437,wall_tile_obj_98
439,wall_tile_obj_99@node_2085,438,wall_tile_obj_99
440,wall_tile_obj_100@node_2086,439,wall_tile_obj_100
441,wall_tile_obj_101@node_2087,440,wall_tile_obj_101
442,wall_tile_obj_102@node_2088,441,wall_tile_obj_102
443,wall_tile_obj_103@node_2089,442,wall_tile_obj_103
444,wall_tile_obj_104@node_2090,443,wall_tile_obj_104
445,wall_tile_obj_105@node_2091,444,wall_tile_obj_105
446,wall_tile_obj_106@node_2092,445,wall_tile_obj_106
447,wall_tile_obj_107@node_2093,446,wall_tile_obj_107
448,wall_tile_obj_108@node_2094,447,wall_tile_obj_108
449,wall_tile_obj_109@node_2095,448,wall_tile_obj_109
450,wall_tile_obj_110@node_2096,449,wall_tile_obj_110
451,wall_tile_obj_111@node_2097,450,wall_tile_obj_111
452,wall_tile_obj_112@node_2098,451,wall_tile_obj_112
453,wall_tile_obj_113@node_2099,452,wall_tile_obj_113
454,wall_tile_obj_114@node_2100,453,wall_tile_obj_114
455,wall_tile_obj_115@node_2101,454,wall_tile_obj_115
456,wall_tile_obj_116@node_2102,455,wall_tile_obj_116
457,wall_tile_obj_117@node_2103,456,wall_tile_obj_117
458,wall_tile_obj_118@node_2104,457,wall_tile_obj_118
459,wall_tile_obj_119@node_2105,458,wall_tile_obj_119
460,wall_tile_obj_120@node_2106,459,wall_tile_obj_120
461,wall_tile_obj_121@node_2107,460,wall_tile_obj_121
462,wall_tile_obj_122@node_2108,461,wall_tile_obj_122
463,wall_tile_obj_123@node_2109,462,wall_tile_obj_123
464,wall_tile_obj_124@node_2110,463,wall_tile_obj_124
465,wall_tile_obj_125@node_2111,464,wall_tile_obj_125
466,wall_tile_obj_126@node_2112,465,wall_tile_obj_126
467,wall_tile_obj_127@node_2125,466,wall_tile_obj_127
468,wall_tile_obj_128@node_2126,467,wall_tile_obj_128
469,wall_tile_obj_129@node_2127,468,wall_tile_obj_129
470,wall_tile_obj_130@node_2129,469,wall_tile_obj_130
471,wall_tile_obj_131@node_2130,470,wall_tile_obj_131
472,wall_tile_obj_132@node_2132,471,wall_tile_obj_132
473,wall_tile_obj_133@node_2133,472,wall_tile_obj_133
474,wall_tile_obj_134@node_2134,473,wall_tile_obj_134
475,wall_tile_obj_135@node_2346,474,wall_tile_obj_135
476,wall_tile_obj_136@node_2347,475,wall_tile_obj_136
477,wall_tile_obj_137@node_2348,476,wall_tile_obj_137
478,wall_tile_obj_138@node_2349,477,wall_tile_obj_138
479,wall_tile_obj_139@node_2350,478,wall_tile_obj_139
480,wall_tile_obj_140@node_2351,479,wall_tile_obj_140
481,wall_tile_obj_141@node_2352,480,wall_tile_obj_141
482,wall_tile_obj_142@node_2353,481,wall_tile_obj_142
483,wall_tile_obj_143@node_2354,482,wall_tile_obj_143
484,wall_tile_obj_144@node_2355,483,wall_tile_obj_144
485,wall_tile_obj_145@node_2356,484,wall_tile_obj_145
486,wall_tile_obj_146@node_2357,485,wall_tile_obj_146
487,wall_tile_obj_147@node_2473,486,wall_tile_obj_147
488,wall_tile_obj_148@node_2474,487,wall_tile_obj_148
489,wall_tile_obj_149@node_2475,488,wall_tile_obj_149
490,wall_tile_obj_150@node_2476,489,wall_tile_obj_150
491,wall_tile_obj_151@node_2477,490,wall_tile_obj_151
492,wall_tile_obj_152@node_2478,491,wall_tile_obj_152
493,wall_tile_obj_153@node_2479,492,wall_tile_obj_153
494,wall_tile_obj_154@node_2480,493,wall_tile_obj_154
495,wall_tile_obj_155@node_2481,494,wall_tile_obj_155
496,wall_tile_obj_156@node_2482,495,wall_tile_obj_156
497,wall_tile_obj_157@node_2483,496,wall_tile_obj_157
498,wall_tile_obj_158@node_2484,497,wall_tile_obj_158
499,wall_tile_obj_159@node_2485,498,wall_tile_obj_159
500,wall_tile_obj_160@node_2486,499,wall_tile_obj_160
501,wall_tile_obj_161@node_2487,500,wall_tile_obj_161
502,wall_tile_obj_162@node_2488,501,wall_tile_obj_162
503,wall_tile_obj_163@node_2489,502,wall_tile_obj_163
504,wall_tile_obj_164@node_2490,503,wall_tile_obj_164
505,wall_tile_obj_165@node_2491,504,wall_tile_obj_165
506,wall_tile_obj_166@node_2492,505,wall_tile_obj_166
507,wall_tile_obj_167@node_2493,506,wall_tile_obj_167
508,wall_tile_obj_168@node_2494,507,wall_tile_obj_168
509,wall_tile_obj_169@node_2495,508,wall_tile_obj_169
510,wall_tile_obj_170@node_2496,509,wall_tile_obj_170
511,wall_tile_obj_171@node_2497,510,wall_tile_obj_171
512,wall_tile_obj_172@node_2501,511,wall_tile_obj_172
513,wall_tile_obj_173@node_2502,512,wall_tile_obj_173
514,wall_tile_obj_174@node_2503,513,wall_tile_obj_174
515,wall_tile_obj_175@node_2504,514,wall_tile_obj_175
516,wall_tile_obj_176@node_2505,515,wall_tile_obj_176
517,wall_tile_obj_177@node_2506,516,wall_tile_obj_177
518,wall_tile_obj_178@node_2507,517,wall_tile_obj_178
519,wall_tile_obj_179@node_2508,518,wall_tile_obj_179
520,wall_tile_obj_180@node_2509,519,wall_tile_obj_180
521,wall_tile_obj_181@node_2510,520,wall_tile_obj_181
522,wall_tile_obj_182@node_2511,521,wall_tile_obj_182
523,wall_tile_obj_183@node_2557,522,wall_tile_obj_183
524,wall_tile_obj_184@node_2558,523,wall_tile_obj_184
525,wall_tile_obj_185@node_2559,524,wall_tile_obj_185
526,wall_tile_obj_186@node_2560,525,wall_tile_obj_186
527,wall_tile_obj_187@node_2561,526,wall_tile_obj_187
528,wall_tile_obj_188@node_2562,527,wall_tile_obj_188
529,wall_tile_obj_189@node_2563,528,wall_tile_obj_189
530,wall_tile_obj_190@node_2565,529,wall_tile_obj_190
531,wall_tile_obj_191@node_2566,530,wall_tile_obj_191
532,wall_tile_obj_192@node_2567,531,wall_tile_obj_192
533,wall_tile_obj_193@node_2568,532,wall_tile_obj_193
534,wall_tile_obj_194@node_2569,533,wall_tile_obj_194
535,wall_tile_obj_195@node_2570,534,wall_tile_obj_195
536,wall_tile_obj_196@node_2571,535,wall_tile_obj_196
537,wall_tile_obj_197@node_2575,536,wall_tile_obj_197
538,wall_tile_obj_198@node_2576,537,wall_tile_obj_198
539,wall_tile_obj_199@node_2577,538,wall_tile_obj_199
540,wall_tile_obj_200@node_2578,539,wall_tile_obj_200
541,wall_tile_obj_201@node_2579,540,wall_tile_obj_201
542,wall_tile_obj_202@node_2580,541,wall_tile_obj_202
543,wall_tile_obj_203@node_2581,542,wall_tile_obj_203
544,wall_tile_obj_204@node_2582,543,wall_tile_obj_204
545,wall_tile_obj_205@node_2583,544,wall_tile_obj_205
546,wall_tile_obj_206@node_2587,545,wall_tile_obj_206
547,wall_tile_obj_207@node_2588,546,wall_tile_obj_207
548,wall_tile_obj_208@node_2589,547,wall_tile_obj_208
549,wall_tile_obj_209@node_2590,548,wall_tile_obj_209
550,wall_tile_obj_210@node_2591,549,wall_tile_obj_210
551,wall_tile_obj_211@node_2592,550,wall_tile_obj_211
552,wall_tile_obj_212@node_2593,551,wall_tile_obj_212
553,wall_tile_obj_213@node_2594,552,wall_tile_obj_213
554,wall_tile_obj_214@node_2595,553,wall_tile_obj_214
555,wall_tile_obj_215@node_2606,554,wall_tile_obj_215
556,wall_tile_obj_216@node_2607,555,wall_tile_obj_216
557,wall_tile_obj_217@node_2611,556,wall_tile_obj_217
558,wall_tile_obj_218@node_2612,557,wall_tile_obj_218
559,wall_tile_obj_219@node_2613,558,wall_tile_obj_219
560,wall_tile_obj_220@node_2614,559,wall_tile_obj_220
561,wall_tile_obj_221@node_2615,560,wall_tile_obj_221
562,wall_tile_obj_222@node_2616,561,wall_tile_obj_222
563,wall_tile_obj_223@node_2617,562,wall_tile_obj_223
564,wall_tile_obj_224@node_2618,563,wall_tile_obj_224
565,wall_tile_obj_225@node_2619,564,wall_tile_obj_225
566,wall_tile_obj_226@node_2623,565,wall_tile_obj_226
567,wall_tile_obj_227@node_2624,566,wall_tile_obj_227
568,wall_tile_obj_228@node_2625,567,wall_tile_obj_228
569,wall_tile_obj_229@node_2626,568,wall_tile_obj_229
570,wall_tile_obj_230@node_2627,569,wall_tile_obj_230
571,wall_tile_obj_231@node_2628,570,wall_tile_obj_231
572,wall_tile_obj_232@node_2629,571,wall_tile_obj_232
573,wall_tile_obj_233@node_2630,572,wall_tile_obj_233
574,wall_tile_obj_234@node_2631,573,wall_tile_obj_234
575,wall_tile_obj_235@node_2632,574,wall_tile_obj_235
576,wall_tile_obj_236@node_2633,575,wall_tile_obj_236
577,wall_tile_obj_237@node_2634,576,wall_tile_obj_237
578,wall_tile_obj_238@node_2635,577,wall_tile_obj_238
579,wall_tile_obj_239@node_2636,578,wall_tile_obj_239
580,wall_tile_obj_240@node_2637,579,wall_tile_obj_240
581,wall_tile_obj_241@node_2638,580,wall_tile_obj_241
582,wall_tile_obj_242@node_2639,581,wall_tile_obj_242
583,wall_tile_obj_243@node_2640,582,wall_tile_obj_243
584,wall_tile_obj_244@node_2641,583,wall_tile_obj_244
585,wall_tile_obj_245@node_2642,584,wall_tile_obj_245
586,wall_tile_obj_246@node_2643,585,wall_tile_obj_246
587,wall_tile_obj_247@node_2644,586,wall_tile_obj_247
588,wall_tile_obj_248@node_2645,587,wall_tile_obj_248
589,wall_tile_obj_249@node_2646,588,wall_tile_obj_249
590,wall_tile_obj_250@node_2648,589,wall_tile_obj_250
591,wall_tile_obj_251@node_2653,590,wall_tile_obj_251
592,wall_tile_obj_252@node_2654,591,wall_tile_obj_252
593,wall_tile_obj_253@node_2655,592,wall_tile_obj_253
594,wall_tile_obj_254@node_2656,593,wall_tile_obj_254
595,wall_tile_obj_255@node_2659,594,wall_tile_obj_255
596,wall_tile_obj_256@node_2660,595,wall_tile_obj_256
597,wall_tile_obj_257@node_2661,596,wall_tile_obj_257
598,wall_tile_obj_258@node_2662,597,wall_tile_obj_258
599,wall_tile_obj_259@node_2663,598,wall_tile_obj_259
600,wall_tile_obj_260@node_2664,599,wall_tile_obj_260
601,wall_tile_obj_261@node_2665,600,wall_tile_obj_261
602,wall_tile_obj_262@node_2666,601,wall_tile_obj_262
603,wall_tile_obj_263@node_2667,602,wall_tile_obj_263
604,wall_tile_obj_264@node_2668,603,wall_tile_obj_264
605,wall_tile_obj_265@node_2669,604,wall_tile_obj_265
606,wall_tile_obj_266@node_2670,605,wall_tile_obj_266
607,wall_tile_obj_267@node_2671,606,wall_tile_obj_267
608,wall_tile_obj_268@node_2672,607,wall_tile_obj_268
609,wall_tile_obj_269@node_2673,608,wall_tile_obj_269
610,wall_tile_obj_270@node_2674,609,wall_tile_obj_270
611,wall_tile_obj_271@node_2675,610,wall_tile_obj_271
612,wall_tile_obj_272@node_2676,611,wall_tile_obj_272
613,wall_tile_obj_273@node_2677,612,wall_tile_obj_273
614,wall_tile_obj_274@node_2678,613,wall_tile_obj_274
615,wall_tile_obj_275@node_2679,614,wall_tile_obj_275
616,wall_tile_obj_276@node_2680,615,wall_tile_obj_276
617,wall_tile_obj_277@node_2681,616,wall_tile_obj_277
618,wall_tile_obj_278@node_2682,617,wall_tile_obj_278
619,wall_tile_obj_279@node_2683,618,wall_tile_obj_279
620,wall_tile_obj_280@node_2684,619,wall_tile_obj_280
621,wall_tile_obj_281@node_2685,620,wall_tile_obj_281
622,wall_tile_obj_282@node_2686,621,wall_tile_obj_282
623,wall_tile_obj_283@node_2687,622,wall_tile_obj_283
624,wall_tile_obj_284@node_2688,623,wall_tile_obj_284
625,wall_tile_obj_285@node_2689,624,wall_tile_obj_285
626,wall_tile_obj_286@node_2690,625,wall_tile_obj_286
627,wall_tile_obj_287@node_2691,626,wall_tile_obj_287
628,wall_tile_obj_288@node_2692,627,wall_tile_obj_288
629,wall_tile_obj_289@node_2693,628,wall_tile_obj_289
630,wall_tile_obj_290@node_2694,629,wall_tile_obj_290
631,wall_tile_obj_291@node_2695,630,wall_tile_obj_291
632,wall_tile_obj_292@node_2701,631,wall_tile_obj_292
633,wall_tile_obj_293@node_2702,632,wall_tile_obj_293
634,wall_tile_obj_294@node_2703,633,wall_tile_obj_294
635,wall_tile_obj_295@node_2704,634,wall_tile_obj_295
636,wall_tile_obj_296@node_2705,635,wall_tile_obj_296
637,wall_tile_obj_297@node_2706,636,wall_tile_obj_297
638,wall_tile_obj_298@node_2708,637,wall_tile_obj_298
639,wall_tile_obj_299@node_2709,638,wall_tile_obj_299
640,wall_tile_obj_300@node_2711,639,wall_tile_obj_300
641,wall_tile_obj_301@node_2712,640,wall_tile_obj_301
642,wall_tile_obj_302@node_2714,641,wall_tile_obj_302
643,wall_tile_obj_303@node_2715,642,wall_tile_obj_303
644,wall_tile_obj_304@node_2717,643,wall_tile_obj_304
645,wall_tile_obj_305@node_2718,644,wall_tile_obj_305
646,wall_tile_obj_306@node_2721,645,wall_tile_obj_306
647,wall_tile_obj_307@node_2722,646,wall_tile_obj_307
648,wall_tile_obj_308@node_2724,647,wall_tile_obj_308
649,wall_tile_obj_309@node_2726,648,wall_tile_obj_309
650,wall_tile_obj_310@node_2728,649,wall_tile_obj_310
651,wall_tile_obj_311@node_2729,650,wall_tile_obj_311
652,wall_tile_obj_312@node_2730,651,wall_tile_obj_312
653,wall_tile_obj_313@node_2732,652,wall_tile_obj_313
654,wall_tile_obj_314@node_2734,653,wall_tile_obj_314
655,wall_tile_obj_315@node_2735,654,wall_tile_obj_315
656,wall_tile_obj_316@node_2736,655,wall_tile_obj_316
657,wall_tile_obj_317@node_2737,656,wall_tile_obj_317
658,wall_tile_obj_318@node_2738,657,wall_tile_obj_318
659,wall_tile_obj_319@node_2739,658,wall_tile_obj_319
660,wall_tile_obj_320@node_2740,659,wall_tile_obj_320
661,wall_tile_obj_321@node_2741,660,wall_tile_obj_321
662,wall_tile_obj_322@node_13799,661,wall_tile_obj_322
663,wall_tile_obj_323@node_13801,662,wall_tile_obj_323
664,wall_tile_obj_324@node_13802,663,wall_tile_obj_324
665,wall_tile_obj_325@node_13803,664,wall_tile_obj_325
666,wall_tile_obj_326@node_13804,665,wall_tile_obj_326
667,wall_tile_obj_327@node_13805,666,wall_tile_obj_327
668,wall_tile_obj_328@node_13807,667,wall_tile_obj_328
669,wall_tile_obj_329@node_13811,668,wall_tile_obj_329
670,wall_tile_obj_330@node_13814,669,wall_tile_obj_330
671,decoration1_obj_01@node_11011,670,decoration1_obj_01
672,decoration1_obj_02@node_11004,671,decoration1_obj_02
673,decoration1_obj_03@node_11005,672,decoration1_obj_03
674,decoration1_obj_04@node_11006,673,decoration1_obj_04
675,decoration1_obj_05@node_11007,674,decoration1_obj_05
676,decoration1_obj_06@node_11008,675,decoration1_obj_06
677,decoration1_obj_07@node_11009,676,decoration1_obj_07
678,decoration1_obj_08@node_11010,677,decoration1_obj_08
679,decoration1_obj_09@node_11012,678,decoration1_obj_09
680,perfume3_obj_01@node_17314,679,perfume3_obj_01
681,perfume3_obj_02@node_17313,680,perfume3_obj_02
682,perfume3_obj_03@node_17315,681,perfume3_obj_03
683,small_shelf_obj_@node_9206,682,small_shelf_obj_
684,small_shelf_obj_@node_9207,682,small_shelf_obj_
685,small_shelf_obj_@node_9208,682,small_shelf_obj_
686,gliceryn_soap@node_10998,683,gliceryn_soap
687,bath_tub_obj_01@node_3,684,bath_tub_obj_01
688,bath_tub_obj_02@node_2,685,bath_tub_obj_02
689,bath_tub_obj_03@node_6719,686,bath_tub_obj_03
690,button@node_13852,687,button
691,lavatory_paper_obj_01@node_8420,688,lavatory_paper_obj_01
692,lavatory_paper_obj_02@node_6723,689,lavatory_paper_obj_02
693,lavatory_paper_obj_03@node_8281,690,lavatory_paper_obj_03
694,towel1_obj_01@node_11029,691,towel1_obj_01
695,towel1_obj_02@node_11025,692,towel1_obj_02
696,towel2_obj_01@node_11024,693,towel2_obj_01
697,towel2_obj_02@node_11030,694,towel2_obj_02
698,brush_obj_01@node_10972,695,brush_obj_01
699,brush_obj_02@node_10995,696,brush_obj_02
700,wall_cupboard_obj_01@node_13841,697,wall_cupboard_obj_01
701,wall_cupboard_obj_02@node_13842,698,wall_cupboard_obj_02
702,wall_cupboard_obj_03@node_13840,699,wall_cupboard_obj_03
703,wall_cupboard_obj_04@node_13843,700,wall_cupboard_obj_04
704,wall_cupboard_obj_05@node_13845,701,wall_cupboard_obj_05
705,wall_cupboard_obj_06@node_13844,702,wall_cupboard_obj_06
706,roller1_blind_obj_01@node_2856,703,roller1_blind_obj_01
707,roller1_blind_obj_02@node_2853,704,roller1_blind_obj_02
708,roller1_blind_obj_03@node_2854,705,roller1_blind_obj_03
709,roller1_blind_obj_04@node_2855,706,roller1_blind_obj_04
710,roller1_blind_obj_05@node_2857,707,roller1_blind_obj_05
711,roller1_blind_obj_06@node_2859,708,roller1_blind_obj_06
712,roller1_blind_obj_07@node_2860,709,roller1_blind_obj_07
713,roller1_blind_obj_08@node_2862,710,roller1_blind_obj_08
714,roller1_blind_obj_09@node_2863,711,roller1_blind_obj_09
715,roller1_blind_obj_10@node_2864,712,roller1_blind_obj_10
716,roller1_blind_obj_11@node_2865,713,roller1_blind_obj_11
717,roller1_blind_obj_12@node_2867,714,roller1_blind_obj_12
718,roller1_blind_obj_13@node_2868,715,roller1_blind_obj_13
719,roller1_blind_obj_14@node_2869,716,roller1_blind_obj_14
720,roller1_blind_obj_15@node_2870,717,roller1_blind_obj_15
721,roller1_blind_obj_16@node_2871,718,roller1_blind_obj_16
722,roller1_blind_obj_17@node_2872,719,roller1_blind_obj_17
723,roller1_blind_obj_18@node_2873,720,roller1_blind_obj_18
724,roller1_blind_obj_19@node_2874,721,roller1_blind_obj_19
725,roller1_blind_obj_20@node_2875,722,roller1_blind_obj_20
726,roller1_blind_obj_21@node_2876,723,roller1_blind_obj_21
727,roller1_blind_obj_22@node_2877,724,roller1_blind_obj_22
728,roller1_blind_obj_23@node_2878,725,roller1_blind_obj_23
729,roller1_blind_obj_24@node_2879,726,roller1_blind_obj_24
730,roller1_blind_obj_25@node_2880,727,roller1_blind_obj_25
731,roller1_blind_obj_26@node_2881,728,roller1_blind_obj_26
732,roller1_blind_obj_27@node_2882,729,roller1_blind_obj_27
733,roller1_blind_obj_28@node_2883,730,roller1_blind_obj_28
734,roller1_blind_obj_29@node_2884,731,roller1_blind_obj_29
735,roller1_blind_obj_30@node_2885,732,roller1_blind_obj_30
736,roller1_blind_obj_31@node_2886,733,roller1_blind_obj_31
737,roller1_blind_obj_32@node_2887,734,roller1_blind_obj_32
738,roller1_blind_obj_33@node_2888,735,roller1_blind_obj_33
739,roller1_blind_obj_34@node_2889,736,roller1_blind_obj_34
740,roller1_blind_obj_35@node_2890,737,roller1_blind_obj_35
741,roller1_blind_obj_36@node_2891,738,roller1_blind_obj_36
742,roller1_blind_obj_37@node_2892,739,roller1_blind_obj_37
743,roller1_blind_obj_38@node_2893,740,roller1_blind_obj_38
744,roller1_blind_obj_39@node_2894,741,roller1_blind_obj_39
745,roller1_blind_obj_40@node_2895,742,roller1_blind_obj_40
746,roller1_blind_obj_41@node_2896,743,roller1_blind_obj_41
747,roller1_blind_obj_42@node_2897,744,roller1_blind_obj_42
748,roller1_blind_obj_43@node_2898,745,roller1_blind_obj_43
749,roller1_blind_obj_44@node_2899,746,roller1_blind_obj_44
750,roller1_blind_obj_45@node_2900,747,roller1_blind_obj_45
751,roller1_blind_obj_46@node_2901,748,roller1_blind_obj_46
752,roller1_blind_obj_47@node_2902,749,roller1_blind_obj_47
753,roller1_blind_obj_48@node_2903,750,roller1_blind_obj_48
754,roller1_blind_obj_49@node_2904,751,roller1_blind_obj_49
755,roller1_blind_obj_50@node_2905,752,roller1_blind_obj_50
756,roller1_blind_obj_51@node_2906,753,roller1_blind_obj_51
757,roller1_blind_obj_52@node_2907,754,roller1_blind_obj_52
758,roller1_blind_obj_53@node_2908,755,roller1_blind_obj_53
759,roller1_blind_obj_54@node_2909,756,roller1_blind_obj_54
760,roller1_blind_obj_55@node_2910,757,roller1_blind_obj_55
761,roller1_blind_obj_56@node_2911,758,roller1_blind_obj_56
762,roller1_blind_obj_57@node_2912,759,roller1_blind_obj_57
763,roller1_blind_obj_58@node_2913,760,roller1_blind_obj_58
764,roller1_blind_obj_59@node_2914,761,roller1_blind_obj_59
765,roller1_blind_obj_60@node_2915,762,roller1_blind_obj_60
766,roller1_blind_obj_61@node_2916,763,roller1_blind_obj_61
767,roller1_blind_obj_62@node_2917,764,roller1_blind_obj_62
768,roller1_blind_obj_63@node_2918,765,roller1_blind_obj_63
769,roller1_blind_obj_64@node_2919,766,roller1_blind_obj_64
770,roller1_blind_obj_65@node_2920,767,roller1_blind_obj_65
771,roller1_blind_obj_66@node_2921,768,roller1_blind_obj_66
772,roller1_blind_obj_67@node_2922,769,roller1_blind_obj_67
773,roller1_blind_obj_68@node_2923,770,roller1_blind_obj_68
774,roller1_blind_obj_69@node_2924,771,roller1_blind_obj_69
775,roller1_blind_obj_70@node_2925,772,roller1_blind_obj_70
776,roller1_blind_obj_71@node_2926,773,roller1_blind_obj_71
777,roller1_blind_obj_72@node_2927,774,roller1_blind_obj_72
778,roller1_blind_obj_73@node_2928,775,roller1_blind_obj_73
779,roller1_blind_obj_74@node_2929,776,roller1_blind_obj_74
780,roller1_blind_obj_75@node_2930,777,roller1_blind_obj_75
781,roller1_blind_obj_76@node_2931,778,roller1_blind_obj_76
782,roller1_blind_obj_77@node_2932,779,roller1_blind_obj_77
783,roller1_blind_obj_78@node_2933,780,roller1_blind_obj_78
784,roller1_blind_obj_79@node_2934,781,roller1_blind_obj_79
785,roller1_blind_obj_80@node_2935,782,roller1_blind_obj_80
786,roller1_blind_obj_81@node_2936,783,roller1_blind_obj_81
787,roller1_blind_obj_82@node_2937,784,roller1_blind_obj_82
788,roller1_blind_obj_83@node_2938,785,roller1_blind_obj_83
789,roller1_blind_obj_84@node_2939,786,roller1_blind_obj_84
790,roller1_blind_obj_85@node_2940,787,roller1_blind_obj_85
791,roller1_blind_obj_86@node_2941,788,roller1_blind_obj_86
792,roller1_blind_obj_87@node_2942,789,roller1_blind_obj_87
793,roller1_blind_obj_88@node_2943,790,roller1_blind_obj_88
794,roller1_blind_obj_89@node_2944,791,roller1_blind_obj_89
795,roller1_blind_obj_90@node_2945,792,roller1_blind_obj_90
796,roller1_blind_obj_91@node_2946,793,roller1_blind_obj_91
797,roller1_blind_obj_92@node_2947,794,roller1_blind_obj_92
798,roller1_blind_obj_93@node_2948,795,roller1_blind_obj_93
799,roller1_blind_obj_94@node_2949,796,roller1_blind_obj_94
800,roller1_blind_obj_95@node_2950,797,roller1_blind_obj_95
801,roller1_blind_obj_96@node_2951,798,roller1_blind_obj_96
802,roller1_blind_obj_97@node_2952,799,roller1_blind_obj_97
803,roller1_blind_obj_98@node_2953,800,roller1_blind_obj_98
804,roller1_blind_obj_99@node_2954,801,roller1_blind_obj_99
805,roller1_blind_obj_100@node_2955,802,roller1_blind_obj_100
806,roller1_blind_obj_101@node_2956,803,roller1_blind_obj_101
807,roller1_blind_obj_102@node_2957,804,roller1_blind_obj_102
808,roller1_blind_obj_103@node_2958,805,roller1_blind_obj_103
809,roller1_blind_obj_104@node_2959,806,roller1_blind_obj_104
810,roller1_blind_obj_105@node_2960,807,roller1_blind_obj_105
811,roller1_blind_obj_106@node_2961,808,roller1_blind_obj_106
812,roller1_blind_obj_107@node_2962,809,roller1_blind_obj_107
813,roller1_blind_obj_108@node_2963,810,roller1_blind_obj_108
814,roller1_blind_obj_109@node_2964,811,roller1_blind_obj_109
815,roller1_blind_obj_110@node_2965,812,roller1_blind_obj_110
816,roller1_blind_obj_111@node_2966,813,roller1_blind_obj_111
817,roller1_blind_obj_112@node_2967,814,roller1_blind_obj_112
818,roller1_blind_obj_113@node_2968,815,roller1_blind_obj_113
819,roller1_blind_obj_114@node_2969,816,roller1_blind_obj_114
820,roller1_blind_obj_115@node_2970,817,roller1_blind_obj_115
821,roller1_blind_obj_116@node_2971,818,roller1_blind_obj_116
822,roller1_blind_obj_117@node_2972,819,roller1_blind_obj_117
823,roller1_blind_obj_118@node_2973,820,roller1_blind_obj_118
824,roller1_blind_obj_119@node_2974,821,roller1_blind_obj_119
825,roller1_blind_obj_120@node_2975,822,roller1_blind_obj_120
826,roller1_blind_obj_121@node_2976,823,roller1_blind_obj_121
827,roller1_blind_obj_122@node_2977,824,roller1_blind_obj_122
828,roller1_blind_obj_123@node_2978,825,roller1_blind_obj_123
829,roller1_blind_obj_124@node_2979,826,roller1_blind_obj_124
830,roller1_blind_obj_125@node_2980,827,roller1_blind_obj_125
831,roller1_blind_obj_126@node_2981,828,roller1_blind_obj_126
832,roller1_blind_obj_127@node_2982,829,roller1_blind_obj_127
833,roller1_blind_obj_128@node_2983,830,roller1_blind_obj_128
834,roller1_blind_obj_129@node_2984,831,roller1_blind_obj_129
835,roller1_blind_obj_130@node_2985,832,roller1_blind_obj_130
836,roller1_blind_obj_131@node_2986,833,roller1_blind_obj_131
837,roller1_blind_obj_132@node_2987,834,roller1_blind_obj_132
838,roller1_blind_obj_133@node_2988,835,roller1_blind_obj_133
839,roller1_blind_obj_134@node_2989,836,roller1_blind_obj_134
840,roller1_blind_obj_135@node_2990,837,roller1_blind_obj_135
841,roller1_blind_obj_136@node_2991,838,roller1_blind_obj_136
842,roller1_blind_obj_137@node_2992,839,roller1_blind_obj_137
843,roller1_blind_obj_138@node_2993,840,roller1_blind_obj_138
844,roller1_blind_obj_139@node_2994,841,roller1_blind_obj_139
845,roller1_blind_obj_140@node_2995,842,roller1_blind_obj_140
846,roller1_blind_obj_141@node_2996,843,roller1_blind_obj_141
847,roller1_blind_obj_142@node_2997,844,roller1_blind_obj_142
848,roller1_blind_obj_143@node_2998,845,roller1_blind_obj_143
849,roller1_blind_obj_144@node_2999,846,roller1_blind_obj_144
850,roller1_blind_obj_145@node_3000,847,roller1_blind_obj_145
851,roller1_blind_obj_146@node_3001,848,roller1_blind_obj_146
852,roller1_blind_obj_147@node_3002,849,roller1_blind_obj_147
853,roller1_blind_obj_148@node_3003,850,roller1_blind_obj_148
854,roller1_blind_obj_149@node_3004,851,roller1_blind_obj_149
855,roller1_blind_obj_150@node_3005,852,roller1_blind_obj_150
856,roller1_blind_obj_151@node_3006,853,roller1_blind_obj_151
857,roller1_blind_obj_152@node_3007,854,roller1_blind_obj_152
858,roller1_blind_obj_153@node_3008,855,roller1_blind_obj_153
859,roller1_blind_obj_154@node_3009,856,roller1_blind_obj_154
860,roller1_blind_obj_155@node_3010,857,roller1_blind_obj_155
861,roller1_blind_obj_156@node_3011,858,roller1_blind_obj_156
862,roller1_blind_obj_157@node_3012,859,roller1_blind_obj_157
863,roller1_blind_obj_158@node_3013,860,roller1_blind_obj_158
864,roller1_blind_obj_159@node_3014,861,roller1_blind_obj_159
865,roller1_blind_obj_160@node_3015,862,roller1_blind_obj_160
866,roller1_blind_obj_161@node_3016,863,roller1_blind_obj_161
867,roller1_blind_obj_162@node_3017,864,roller1_blind_obj_162
868,roller1_blind_obj_163@node_3018,865,roller1_blind_obj_163
869,roller1_blind_obj_164@node_3019,866,roller1_blind_obj_164
870,roller1_blind_obj_165@node_3020,867,roller1_blind_obj_165
871,roller1_blind_obj_166@node_3021,868,roller1_blind_obj_166
872,roller1_blind_obj_167@node_3022,869,roller1_blind_obj_167
873,roller1_blind_obj_168@node_3023,870,roller1_blind_obj_168
874,roller1_blind_obj_169@node_3024,871,roller1_blind_obj_169
875,roller1_blind_obj_170@node_3025,872,roller1_blind_obj_170
876,roller1_blind_obj_171@node_3026,873,roller1_blind_obj_171
877,roller1_blind_obj_172@node_3027,874,roller1_blind_obj_172
878,roller1_blind_obj_173@node_3028,875,roller1_blind_obj_173
879,roller1_blind_obj_174@node_3029,876,roller1_blind_obj_174
880,roller1_blind_obj_175@node_3030,877,roller1_blind_obj_175
881,roller1_blind_obj_176@node_3031,878,roller1_blind_obj_176
882,roller1_blind_obj_177@node_3032,879,roller1_blind_obj_177
883,roller1_blind_obj_178@node_3033,880,roller1_blind_obj_178
884,roller1_blind_obj_179@node_3034,881,roller1_blind_obj_179
885,roller1_blind_obj_180@node_3035,882,roller1_blind_obj_180
886,roller1_blind_obj_181@node_3036,883,roller1_blind_obj_181
887,roller1_blind_obj_182@node_3037,884,roller1_blind_obj_182
888,roller1_blind_obj_183@node_3038,885,roller1_blind_obj_183
889,roller1_blind_obj_184@node_3039,886,roller1_blind_obj_184
890,roller1_blind_obj_185@node_3040,887,roller1_blind_obj_185
891,roller1_blind_obj_186@node_3041,888,roller1_blind_obj_186
892,roller1_blind_obj_187@node_3042,889,roller1_blind_obj_187
893,roller1_blind_obj_188@node_3043,890,roller1_blind_obj_188
894,roller1_blind_obj_189@node_3044,891,roller1_blind_obj_189
895,roller1_blind_obj_190@node_3045,892,roller1_blind_obj_190
896,roller1_blind_obj_191@node_3046,893,roller1_blind_obj_191
897,roller1_blind_obj_192@node_3047,894,roller1_blind_obj_192
898,roller1_blind_obj_193@node_3048,895,roller1_blind_obj_193
899,roller1_blind_obj_194@node_3049,896,roller1_blind_obj_194
900,roller1_blind_obj_195@node_3050,897,roller1_blind_obj_195
901,roller1_blind_obj_196@node_3051,898,roller1_blind_obj_196
902,roller1_blind_obj_197@node_3052,899,roller1_blind_obj_197
903,roller1_blind_obj_198@node_3053,900,roller1_blind_obj_198
904,roller1_blind_obj_199@node_3054,901,roller1_blind_obj_199
905,roller1_blind_obj_200@node_3055,902,roller1_blind_obj_200
906,roller1_blind_obj_201@node_3056,903,roller1_blind_obj_201
907,roller1_blind_obj_202@node_3057,904,roller1_blind_obj_202
908,roller1_blind_obj_203@node_3058,905,roller1_blind_obj_203
909,roller1_blind_obj_204@node_3059,906,roller1_blind_obj_204
910,roller1_blind_obj_205@node_3060,907,roller1_blind_obj_205
911,roller1_blind_obj_206@node_3061,908,roller1_blind_obj_206
912,roller1_blind_obj_207@node_3062,909,roller1_blind_obj_207
913,roller1_blind_obj_208@node_3063,910,roller1_blind_obj_208
914,roller1_blind_obj_209@node_3064,911,roller1_blind_obj_209
915,roller1_blind_obj_210@node_3065,912,roller1_blind_obj_210
916,roller1_blind_obj_211@node_3066,913,roller1_blind_obj_211
917,roller1_blind_obj_212@node_3067,914,roller1_blind_obj_212
918,roller1_blind_obj_213@node_3068,915,roller1_blind_obj_213
919,roller1_blind_obj_214@node_3069,916,roller1_blind_obj_214
920,roller1_blind_obj_215@node_3070,917,roller1_blind_obj_215
921,roller1_blind_obj_216@node_3071,918,roller1_blind_obj_216
922,roller1_blind_obj_217@node_3072,919,roller1_blind_obj_217
923,roller1_blind_obj_218@node_3073,920,roller1_blind_obj_218
924,roller1_blind_obj_219@node_3074,921,roller1_blind_obj_219
925,roller1_blind_obj_220@node_3075,922,roller1_blind_obj_220
926,roller1_blind_obj_221@node_3076,923,roller1_blind_obj_221
927,roller1_blind_obj_222@node_3077,924,roller1_blind_obj_222
928,roller1_blind_obj_223@node_3078,925,roller1_blind_obj_223
929,roller1_blind_obj_224@node_3079,926,roller1_blind_obj_224
930,roller1_blind_obj_225@node_3080,927,roller1_blind_obj_225
931,roller1_blind_obj_226@node_3081,928,roller1_blind_obj_226
932,roller1_blind_obj_227@node_3082,929,roller1_blind_obj_227
933,roller1_blind_obj_228@node_3083,930,roller1_blind_obj_228
934,roller1_blind_obj_229@node_3084,931,roller1_blind_obj_229
935,roller1_blind_obj_230@node_3085,932,roller1_blind_obj_230
936,roller1_blind_obj_231@node_3086,933,roller1_blind_obj_231
937,roller1_blind_obj_232@node_3087,934,roller1_blind_obj_232
938,roller1_blind_obj_233@node_3088,935,roller1_blind_obj_233
939,roller1_blind_obj_234@node_3089,936,roller1_blind_obj_234
940,roller1_blind_obj_235@node_3090,937,roller1_blind_obj_235
941,roller1_blind_obj_236@node_3091,938,roller1_blind_obj_236
942,roller1_blind_obj_237@node_3092,939,roller1_blind_obj_237
943,roller1_blind_obj_238@node_3093,940,roller1_blind_obj_238
944,roller1_blind_obj_239@node_3094,941,roller1_blind_obj_239
945,roller1_blind_obj_240@node_3095,942,roller1_blind_obj_240
946,roller1_blind_obj_241@node_3096,943,roller1_blind_obj_241
947,roller1_blind_obj_242@node_3097,944,roller1_blind_obj_242
948,roller1_blind_obj_243@node_3098,945,roller1_blind_obj_243
949,roller1_blind_obj_244@node_3099,946,roller1_blind_obj_244
950,roller1_blind_obj_245@node_3100,947,roller1_blind_obj_245
951,roller1_blind_obj_246@node_3101,948,roller1_blind_obj_246
952,roller1_blind_obj_247@node_3102,949,roller1_blind_obj_247
953,roller1_blind_obj_248@node_3103,950,roller1_blind_obj_248
954,roller1_blind_obj_249@node_3104,951,roller1_blind_obj_249
955,roller1_blind_obj_250@node_3105,952,roller1_blind_obj_250
956,roller1_blind_obj_251@node_3106,953,roller1_blind_obj_251
957,roller1_blind_obj_252@node_3107,954,roller1_blind_obj_252
958,roller1_blind_obj_253@node_3108,955,roller1_blind_obj_253
959,roller1_blind_obj_254@node_3109,956,roller1_blind_obj_254
960,roller1_blind_obj_255@node_3110,957,roller1_blind_obj_255
961,roller1_blind_obj_256@node_3111,958,roller1_blind_obj_256
962,roller1_blind_obj_257@node_3112,959,roller1_blind_obj_257
963,roller1_blind_obj_258@node_3113,960,roller1_blind_obj_258
964,roller1_blind_obj_259@node_3114,961,roller1_blind_obj_259
965,roller1_blind_obj_260@node_3115,962,roller1_blind_obj_260
966,roller1_blind_obj_261@node_3116,963,roller1_blind_obj_261
967,roller1_blind_obj_262@node_3117,964,roller1_blind_obj_262
968,roller1_blind_obj_263@node_3118,965,roller1_blind_obj_263
969,roller1_blind_obj_264@node_3119,966,roller1_blind_obj_264
970,roller1_blind_obj_265@node_3120,967,roller1_blind_obj_265
971,roller1_blind_obj_266@node_3121,968,roller1_blind_obj_266
972,roller1_blind_obj_267@node_3122,969,roller1_blind_obj_267
973,roller1_blind_obj_268@node_3123,970,roller1_blind_obj_268
974,roller1_blind_obj_269@node_3124,971,roller1_blind_obj_269
975,roller1_blind_obj_270@node_3125,972,roller1_blind_obj_270
976,roller1_blind_obj_271@node_3126,973,roller1_blind_obj_271
977,roller1_blind_obj_272@node_3127,974,roller1_blind_obj_272
978,roller1_blind_obj_273@node_3128,975,roller1_blind_obj_273
979,roller1_blind_obj_274@node_3129,976,roller1_blind_obj_274
980,roller1_blind_obj_275@node_3130,977,roller1_blind_obj_275
981,roller1_blind_obj_276@node_3131,978,roller1_blind_obj_276
982,roller1_blind_obj_277@node_3132,979,roller1_blind_obj_277
983,roller1_blind_obj_278@node_3133,980,roller1_blind_obj_278
984,roller1_blind_obj_279@node_3134,981,roller1_blind_obj_279
985,roller1_blind_obj_280@node_3135,982,roller1_blind_obj_280
986,roller1_blind_obj_281@node_3136,983,roller1_blind_obj_281
987,roller1_blind_obj_282@node_3137,984,roller1_blind_obj_282
988,roller1_blind_obj_283@node_3138,985,roller1_blind_obj_283
989,roller1_blind_obj_284@node_3139,986,roller1_blind_obj_284
990,roller1_blind_obj_285@node_3140,987,roller1_blind_obj_285
991,roller1_blind_obj_286@node_3141,988,roller1_blind_obj_286
992,roller1_blind_obj_287@node_3142,989,roller1_blind_obj_287
993,roller1_blind_obj_288@node_3143,990,roller1_blind_obj_288
994,roller1_blind_obj_289@node_3144,991,roller1_blind_obj_289
995,roller1_blind_obj_290@node_3145,992,roller1_blind_obj_290
996,roller1_blind_obj_291@node_3146,993,roller1_blind_obj_291
997,roller1_blind_obj_292@node_3147,994,roller1_blind_obj_292
998,roller1_blind_obj_293@node_3148,995,roller1_blind_obj_293
999,roller1_blind_obj_294@node_3149,996,roller1_blind_obj_294
1000,roller1_blind_obj_295@node_3150,997,roller1_blind_obj_295
1001,roller1_blind_obj_296@node_3151,998,roller1_blind_obj_296
1002,roller1_blind_obj_297@node_3152,999,roller1_blind_obj_297
1003,roller1_blind_obj_298@node_3153,1000,roller1_blind_obj_298
1004,roller1_blind_obj_299@node_3154,1001,roller1_blind_obj_299
1005,roller1_blind_obj_300@node_3155,1002,roller1_blind_obj_300
1006,roller1_blind_obj_301@node_3156,1003,roller1_blind_obj_301
1007,roller1_blind_obj_302@node_3157,1004,roller1_blind_obj_302
1008,roller1_blind_obj_303@node_3158,1005,roller1_blind_obj_303
1009,roller1_blind_obj_304@node_3159,1006,roller1_blind_obj_304
1010,roller1_blind_obj_305@node_3160,1007,roller1_blind_obj_305
1011,roller1_blind_obj_306@node_3161,1008,roller1_blind_obj_306
1012,roller1_blind_obj_307@node_3162,1009,roller1_blind_obj_307
1013,roller1_blind_obj_308@node_3163,1010,roller1_blind_obj_308
1014,roller1_blind_obj_309@node_3164,1011,roller1_blind_obj_309
1015,roller1_blind_obj_310@node_3165,1012,roller1_blind_obj_310
1016,roller1_blind_obj_311@node_3166,1013,roller1_blind_obj_311
1017,roller1_blind_obj_312@node_3167,1014,roller1_blind_obj_312
1018,roller1_blind_obj_313@node_3168,1015,roller1_blind_obj_313
1019,roller1_blind_obj_314@node_3169,1016,roller1_blind_obj_314
1020,roller1_blind_obj_315@node_3170,1017,roller1_blind_obj_315
1021,roller1_blind_obj_316@node_3171,1018,roller1_blind_obj_316
1022,roller1_blind_obj_317@node_3172,1019,roller1_blind_obj_317
1023,roller1_blind_obj_318@node_3173,1020,roller1_blind_obj_318
1024,roller1_blind_obj_319@node_3174,1021,roller1_blind_obj_319
1025,roller1_blind_obj_320@node_3175,1022,roller1_blind_obj_320
1026,roller1_blind_obj_321@node_3176,1023,roller1_blind_obj_321
1027,roller1_blind_obj_322@node_3177,1024,roller1_blind_obj_322
1028,roller1_blind_obj_323@node_3178,1025,roller1_blind_obj_323
1029,roller1_blind_obj_324@node_3179,1026,roller1_blind_obj_324
1030,roller1_blind_obj_325@node_3180,1027,roller1_blind_obj_325
1031,roller1_blind_obj_326@node_3181,1028,roller1_blind_obj_326
1032,roller1_blind_obj_327@node_3182,1029,roller1_blind_obj_327
1033,roller1_blind_obj_328@node_3183,1030,roller1_blind_obj_328
1034,roller1_blind_obj_329@node_3184,1031,roller1_blind_obj_329
1035,roller1_blind_obj_330@node_3185,1032,roller1_blind_obj_330
1036,roller1_blind_obj_331@node_3186,1033,roller1_blind_obj_331
1037,roller1_blind_obj_332@node_3187,1034,roller1_blind_obj_332
1038,roller1_blind_obj_333@node_3188,1035,roller1_blind_obj_333
1039,roller1_blind_obj_334@node_3190,1036,roller1_blind_obj_334
1040,roller1_blind_obj_335@node_3191,1037,roller1_blind_obj_335
1041,roller2_blind_obj_01@node_13459,1038,roller2_blind_obj_01
1042,roller2_blind_obj_02@node_13455,1039,roller2_blind_obj_02
1043,roller2_blind_obj_03@node_13457,1040,roller2_blind_obj_03
1044,roller2_blind_obj_04@node_13458,1041,roller2_blind_obj_04
1045,roller2_blind_obj_05@node_13460,1042,roller2_blind_obj_05
1046,roller2_blind_obj_06@node_13462,1043,roller2_blind_obj_06
1047,roller2_blind_obj_07@node_13463,1044,roller2_blind_obj_07
1048,roller2_blind_obj_08@node_13465,1045,roller2_blind_obj_08
1049,roller2_blind_obj_09@node_13466,1046,roller2_blind_obj_09
1050,roller2_blind_obj_10@node_13467,1047,roller2_blind_obj_10
1051,roller2_blind_obj_11@node_13468,1048,roller2_blind_obj_11
1052,roller2_blind_obj_12@node_13470,1049,roller2_blind_obj_12
1053,roller2_blind_obj_13@node_13471,1050,roller2_blind_obj_13
1054,roller2_blind_obj_14@node_13472,1051,roller2_blind_obj_14
1055,roller2_blind_obj_15@node_13473,1052,roller2_blind_obj_15
1056,roller2_blind_obj_16@node_13474,1053,roller2_blind_obj_16
1057,roller2_blind_obj_17@node_13475,1054,roller2_blind_obj_17
1058,roller2_blind_obj_18@node_13476,1055,roller2_blind_obj_18
1059,roller2_blind_obj_19@node_13477,1056,roller2_blind_obj_19
1060,roller2_blind_obj_20@node_13478,1057,roller2_blind_obj_20
1061,roller2_blind_obj_21@node_13479,1058,roller2_blind_obj_21
1062,roller2_blind_obj_22@node_13480,1059,roller2_blind_obj_22
1063,roller2_blind_obj_23@node_13481,1060,roller2_blind_obj_23
1064,roller2_blind_obj_24@node_13482,1061,roller2_blind_obj_24
1065,roller2_blind_obj_25@node_13483,1062,roller2_blind_obj_25
1066,roller2_blind_obj_26@node_13484,1063,roller2_blind_obj_26
1067,roller2_blind_obj_27@node_13485,1064,roller2_blind_obj_27
1068,roller2_blind_obj_28@node_13486,1065,roller2_blind_obj_28
1069,roller2_blind_obj_29@node_13487,1066,roller2_blind_obj_29
1070,roller2_blind_obj_30@node_13488,1067,roller2_blind_obj_30
1071,roller2_blind_obj_31@node_13489,1068,roller2_blind_obj_31
1072,roller2_blind_obj_32@node_13490,1069,roller2_blind_obj_32
1073,roller2_blind_obj_33@node_13491,1070,roller2_blind_obj_33
1074,roller2_blind_obj_34@node_13492,1071,roller2_blind_obj_34
1075,roller2_blind_obj_35@node_13493,1072,roller2_blind_obj_35
1076,roller2_blind_obj_36@node_13494,1073,roller2_blind_obj_36
1077,roller2_blind_obj_37@node_13495,1074,roller2_blind_obj_37
1078,roller2_blind_obj_38@node_13496,1075,roller2_blind_obj_38
1079,roller2_blind_obj_39@node_13497,1076,roller2_blind_obj_39
1080,roller2_blind_obj_40@node_13498,1077,roller2_blind_obj_40
1081,roller2_blind_obj_41@node_13499,1078,roller2_blind_obj_41
1082,roller2_blind_obj_42@node_13500,1079,roller2_blind_obj_42
1083,roller2_blind_obj_43@node_13501,1080,roller2_blind_obj_43
1084,roller2_blind_obj_44@node_13502,1081,roller2_blind_obj_44
1085,roller2_blind_obj_45@node_13503,1082,roller2_blind_obj_45
1086,roller2_blind_obj_46@node_13504,1083,roller2_blind_obj_46
1087,roller2_blind_obj_47@node_13505,1084,roller2_blind_obj_47
1088,roller2_blind_obj_48@node_13506,1085,roller2_blind_obj_48
1089,roller2_blind_obj_49@node_13507,1086,roller2_blind_obj_49
1090,roller2_blind_obj_50@node_13508,1087,roller2_blind_obj_50
1091,roller2_blind_obj_51@node_13509,1088,roller2_blind_obj_51
1092,roller2_blind_obj_52@node_13510,1089,roller2_blind_obj_52
1093,roller2_blind_obj_53@node_13511,1090,roller2_blind_obj_53
1094,roller2_blind_obj_54@node_13512,1091,roller2_blind_obj_54
1095,roller2_blind_obj_55@node_13513,1092,roller2_blind_obj_55
1096,roller2_blind_obj_56@node_13514,1093,roller2_blind_obj_56
1097,roller2_blind_obj_57@node_13515,1094,roller2_blind_obj_57
1098,roller2_blind_obj_58@node_13516,1095,roller2_blind_obj_58
1099,roller2_blind_obj_59@node_13517,1096,roller2_blind_obj_59
1100,roller2_blind_obj_60@node_13518,1097,roller2_blind_obj_60
1101,roller2_blind_obj_61@node_13519,1098,roller2_blind_obj_61
1102,roller2_blind_obj_62@node_13520,1099,roller2_blind_obj_62
1103,roller2_blind_obj_63@node_13521,1100,roller2_blind_obj_63
1104,roller2_blind_obj_64@node_13522,1101,roller2_blind_obj_64
1105,roller2_blind_obj_65@node_13523,1102,roller2_blind_obj_65
1106,roller2_blind_obj_66@node_13524,1103,roller2_blind_obj_66
1107,roller2_blind_obj_67@node_13525,1104,roller2_blind_obj_67
1108,roller2_blind_obj_68@node_13526,1105,roller2_blind_obj_68
1109,roller2_blind_obj_69@node_13527,1106,roller2_blind_obj_69
1110,roller2_blind_obj_70@node_13528,1107,roller2_blind_obj_70
1111,roller2_blind_obj_71@node_13529,1108,roller2_blind_obj_71
1112,roller2_blind_obj_72@node_13530,1109,roller2_blind_obj_72
1113,roller2_blind_obj_73@node_13531,1110,roller2_blind_obj_73
1114,roller2_blind_obj_74@node_13532,1111,roller2_blind_obj_74
1115,roller2_blind_obj_75@node_13533,1112,roller2_blind_obj_75
1116,roller2_blind_obj_76@node_13534,1113,roller2_blind_obj_76
1117,roller2_blind_obj_77@node_13535,1114,roller2_blind_obj_77
1118,roller2_blind_obj_78@node_13536,1115,roller2_blind_obj_78
1119,roller2_blind_obj_79@node_13537,1116,roller2_blind_obj_79
1120,roller2_blind_obj_80@node_13538,1117,roller2_blind_obj_80
1121,roller2_blind_obj_81@node_13539,1118,roller2_blind_obj_81
1122,roller2_blind_obj_82@node_13540,1119,roller2_blind_obj_82
1123,roller2_blind_obj_83@node_13541,1120,roller2_blind_obj_83
1124,roller2_blind_obj_84@node_13542,1121,roller2_blind_obj_84
1125,roller2_blind_obj_85@node_13543,1122,roller2_blind_obj_85
1126,roller2_blind_obj_86@node_13544,1123,roller2_blind_obj_86
1127,roller2_blind_obj_87@node_13545,1124,roller2_blind_obj_87
1128,roller2_blind_obj_88@node_13546,1125,roller2_blind_obj_88
1129,roller2_blind_obj_89@node_13547,1126,roller2_blind_obj_89
1130,roller2_blind_obj_90@node_13548,1127,roller2_blind_obj_90
1131,roller2_blind_obj_91@node_13549,1128,roller2_blind_obj_91
1132,roller2_blind_obj_92@node_13550,1129,roller2_blind_obj_92
1133,roller2_blind_obj_93@node_13551,1130,roller2_blind_obj_93
1134,roller2_blind_obj_94@node_13552,1131,roller2_blind_obj_94
1135,roller2_blind_obj_95@node_13553,1132,roller2_blind_obj_95
1136,roller2_blind_obj_96@node_13554,1133,roller2_blind_obj_96
1137,roller2_blind_obj_97@node_13555,1134,roller2_blind_obj_97
1138,roller2_blind_obj_98@node_13556,1135,roller2_blind_obj_98
1139,roller2_blind_obj_99@node_13557,1136,roller2_blind_obj_99
1140,roller2_blind_obj_100@node_13558,1137,roller2_blind_obj_100
1141,roller2_blind_obj_101@node_13559,1138,roller2_blind_obj_101
1142,roller2_blind_obj_102@node_13560,1139,roller2_blind_obj_102
1143,roller2_blind_obj_103@node_13561,1140,roller2_blind_obj_103
1144,roller2_blind_obj_104@node_13562,1141,roller2_blind_obj_104
1145,roller2_blind_obj_105@node_13563,1142,roller2_blind_obj_105
1146,roller2_blind_obj_106@node_13564,1143,roller2_blind_obj_106
1147,roller2_blind_obj_107@node_13565,1144,roller2_blind_obj_107
1148,roller2_blind_obj_108@node_13566,1145,roller2_blind_obj_108
1149,roller2_blind_obj_109@node_13567,1146,roller2_blind_obj_109
1150,roller2_blind_obj_110@node_13568,1147,roller2_blind_obj_110
1151,roller2_blind_obj_111@node_13569,1148,roller2_blind_obj_111
1152,roller2_blind_obj_112@node_13570,1149,roller2_blind_obj_112
1153,roller2_blind_obj_113@node_13571,1150,roller2_blind_obj_113
1154,roller2_blind_obj_114@node_13572,1151,roller2_blind_obj_114
1155,roller2_blind_obj_115@node_13573,1152,roller2_blind_obj_115
1156,roller2_blind_obj_116@node_13574,1153,roller2_blind_obj_116
1157,roller2_blind_obj_117@node_13575,1154,roller2_blind_obj_117
1158,roller2_blind_obj_118@node_13576,1155,roller2_blind_obj_118
1159,roller2_blind_obj_119@node_13577,1156,roller2_blind_obj_119
1160,roller2_blind_obj_120@node_13578,1157,roller2_blind_obj_120
1161,roller2_blind_obj_121@node_13579,1158,roller2_blind_obj_121
1162,roller2_blind_obj_122@node_13580,1159,roller2_blind_obj_122
1163,roller2_blind_obj_123@node_13581,1160,roller2_blind_obj_123
1164,roller2_blind_obj_124@node_13582,1161,roller2_blind_obj_124
1165,roller2_blind_obj_125@node_13583,1162,roller2_blind_obj_125
1166,roller2_blind_obj_126@node_13584,1163,roller2_blind_obj_126
1167,roller2_blind_obj_127@node_13585,1164,roller2_blind_obj_127
1168,roller2_blind_obj_128@node_13586,1165,roller2_blind_obj_128
1169,roller2_blind_obj_129@node_13587,1166,roller2_blind_obj_129
1170,roller2_blind_obj_130@node_13588,1167,roller2_blind_obj_130
1171,roller2_blind_obj_131@node_13589,1168,roller2_blind_obj_131
1172,roller2_blind_obj_132@node_13590,1169,roller2_blind_obj_132
1173,roller2_blind_obj_133@node_13591,1170,roller2_blind_obj_133
1174,roller2_blind_obj_134@node_13592,1171,roller2_blind_obj_134
1175,roller2_blind_obj_135@node_13593,1172,roller2_blind_obj_135
1176,roller2_blind_obj_136@node_13594,1173,roller2_blind_obj_136
1177,roller2_blind_obj_137@node_13595,1174,roller2_blind_obj_137
1178,roller2_blind_obj_138@node_13596,1175,roller2_blind_obj_138
1179,roller2_blind_obj_139@node_13597,1176,roller2_blind_obj_139
1180,roller2_blind_obj_140@node_13598,1177,roller2_blind_obj_140
1181,roller2_blind_obj_141@node_13599,1178,roller2_blind_obj_141
1182,roller2_blind_obj_142@node_13600,1179,roller2_blind_obj_142
1183,roller2_blind_obj_143@node_13601,1180,roller2_blind_obj_143
1184,roller2_blind_obj_144@node_13602,1181,roller2_blind_obj_144
1185,roller2_blind_obj_145@node_13603,1182,roller2_blind_obj_145
1186,roller2_blind_obj_146@node_13604,1183,roller2_blind_obj_146
1187,roller2_blind_obj_147@node_13605,1184,roller2_blind_obj_147
1188,roller2_blind_obj_148@node_13606,1185,roller2_blind_obj_148
1189,roller2_blind_obj_149@node_13607,1186,roller2_blind_obj_149
1190,roller2_blind_obj_150@node_13608,1187,roller2_blind_obj_150
1191,roller2_blind_obj_151@node_13609,1188,roller2_blind_obj_151
1192,roller2_blind_obj_152@node_13610,1189,roller2_blind_obj_152
1193,roller2_blind_obj_153@node_13611,1190,roller2_blind_obj_153
1194,roller2_blind_obj_154@node_13612,1191,roller2_blind_obj_154
1195,roller2_blind_obj_155@node_13613,1192,roller2_blind_obj_155
1196,roller2_blind_obj_156@node_13614,1193,roller2_blind_obj_156
1197,roller2_blind_obj_157@node_13615,1194,roller2_blind_obj_157
1198,roller2_blind_obj_158@node_13616,1195,roller2_blind_obj_158
1199,roller2_blind_obj_159@node_13617,1196,roller2_blind_obj_159
1200,roller2_blind_obj_160@node_13618,1197,roller2_blind_obj_160
1201,roller2_blind_obj_161@node_13619,1198,roller2_blind_obj_161
1202,roller2_blind_obj_162@node_13620,1199,roller2_blind_obj_162
1203,roller2_blind_obj_163@node_13621,1200,roller2_blind_obj_163
1204,roller2_blind_obj_164@node_13622,1201,roller2_blind_obj_164
1205,roller2_blind_obj_165@node_13623,1202,roller2_blind_obj_165
1206,roller2_blind_obj_166@node_13624,1203,roller2_blind_obj_166
1207,roller2_blind_obj_167@node_13625,1204,roller2_blind_obj_167
1208,roller2_blind_obj_168@node_13626,1205,roller2_blind_obj_168
1209,roller2_blind_obj_169@node_13627,1206,roller2_blind_obj_169
1210,roller2_blind_obj_170@node_13628,1207,roller2_blind_obj_170
1211,roller2_blind_obj_171@node_13629,1208,roller2_blind_obj_171
1212,roller2_blind_obj_172@node_13630,1209,roller2_blind_obj_172
1213,roller2_blind_obj_173@node_13631,1210,roller2_blind_obj_173
1214,roller2_blind_obj_174@node_13632,1211,roller2_blind_obj_174
1215,roller2_blind_obj_175@node_13633,1212,roller2_blind_obj_175
1216,roller2_blind_obj_176@node_13634,1213,roller2_blind_obj_176
1217,roller2_blind_obj_177@node_13635,1214,roller2_blind_obj_177
1218,roller2_blind_obj_178@node_13636,1215,roller2_blind_obj_178
1219,roller2_blind_obj_179@node_13637,1216,roller2_blind_obj_179
1220,roller2_blind_obj_180@node_13638,1217,roller2_blind_obj_180
1221,roller2_blind_obj_181@node_13639,1218,roller2_blind_obj_181
1222,roller2_blind_obj_182@node_13640,1219,roller2_blind_obj_182
1223,roller2_blind_obj_183@node_13641,1220,roller2_blind_obj_183
1224,roller2_blind_obj_184@node_13642,1221,roller2_blind_obj_184
1225,roller2_blind_obj_185@node_13643,1222,roller2_blind_obj_185
1226,roller2_blind_obj_186@node_13644,1223,roller2_blind_obj_186
1227,roller2_blind_obj_187@node_13645,1224,roller2_blind_obj_187
1228,roller2_blind_obj_188@node_13646,1225,roller2_blind_obj_188
1229,roller2_blind_obj_189@node_13647,1226,roller2_blind_obj_189
1230,roller2_blind_obj_190@node_13648,1227,roller2_blind_obj_190
1231,roller2_blind_obj_191@node_13649,1228,roller2_blind_obj_191
1232,roller2_blind_obj_192@node_13650,1229,roller2_blind_obj_192
1233,roller2_blind_obj_193@node_13651,1230,roller2_blind_obj_193
1234,roller2_blind_obj_194@node_13652,1231,roller2_blind_obj_194
1235,roller2_blind_obj_195@node_13653,1232,roller2_blind_obj_195
1236,roller2_blind_obj_196@node_13654,1233,roller2_blind_obj_196
1237,roller2_blind_obj_197@node_13655,1234,roller2_blind_obj_197
1238,roller2_blind_obj_198@node_13656,1235,roller2_blind_obj_198
1239,roller2_blind_obj_199@node_13657,1236,roller2_blind_obj_199
1240,roller2_blind_obj_200@node_13658,1237,roller2_blind_obj_200
1241,roller2_blind_obj_201@node_13659,1238,roller2_blind_obj_201
1242,roller2_blind_obj_202@node_13660,1239,roller2_blind_obj_202
1243,roller2_blind_obj_203@node_13661,1240,roller2_blind_obj_203
1244,roller2_blind_obj_204@node_13662,1241,roller2_blind_obj_204
1245,roller2_blind_obj_205@node_13663,1242,roller2_blind_obj_205
1246,roller2_blind_obj_206@node_13664,1243,roller2_blind_obj_206
1247,roller2_blind_obj_207@node_13665,1244,roller2_blind_obj_207
1248,roller2_blind_obj_208@node_13666,1245,roller2_blind_obj_208
1249,roller2_blind_obj_209@node_13667,1246,roller2_blind_obj_209
1250,roller2_blind_obj_210@node_13668,1247,roller2_blind_obj_210
1251,roller2_blind_obj_211@node_13669,1248,roller2_blind_obj_211
1252,roller2_blind_obj_212@node_13670,1249,roller2_blind_obj_212
1253,roller2_blind_obj_213@node_13671,1250,roller2_blind_obj_213
1254,roller2_blind_obj_214@node_13672,1251,roller2_blind_obj_214
1255,roller2_blind_obj_215@node_13673,1252,roller2_blind_obj_215
1256,roller2_blind_obj_216@node_13674,1253,roller2_blind_obj_216
1257,roller2_blind_obj_217@node_13675,1254,roller2_blind_obj_217
1258,roller2_blind_obj_218@node_13676,1255,roller2_blind_obj_218
1259,roller2_blind_obj_219@node_13677,1256,roller2_blind_obj_219
1260,roller2_blind_obj_220@node_13678,1257,roller2_blind_obj_220
1261,roller2_blind_obj_221@node_13679,1258,roller2_blind_obj_221
1262,roller2_blind_obj_222@node_13680,1259,roller2_blind_obj_222
1263,roller2_blind_obj_223@node_13681,1260,roller2_blind_obj_223
1264,roller2_blind_obj_224@node_13682,1261,roller2_blind_obj_224
1265,roller2_blind_obj_225@node_13683,1262,roller2_blind_obj_225
1266,roller2_blind_obj_226@node_13684,1263,roller2_blind_obj_226
1267,roller2_blind_obj_227@node_13685,1264,roller2_blind_obj_227
1268,roller2_blind_obj_228@node_13686,1265,roller2_blind_obj_228
1269,roller2_blind_obj_229@node_13687,1266,roller2_blind_obj_229
1270,roller2_blind_obj_230@node_13688,1267,roller2_blind_obj_230
1271,roller2_blind_obj_231@node_13689,1268,roller2_blind_obj_231
1272,roller2_blind_obj_232@node_13690,1269,roller2_blind_obj_232
1273,roller2_blind_obj_233@node_13691,1270,roller2_blind_obj_233
1274,roller2_blind_obj_234@node_13692,1271,roller2_blind_obj_234
1275,roller2_blind_obj_235@node_13693,1272,roller2_blind_obj_235
1276,roller2_blind_obj_236@node_13694,1273,roller2_blind_obj_236
1277,roller2_blind_obj_237@node_13695,1274,roller2_blind_obj_237
1278,roller2_blind_obj_238@node_13696,1275,roller2_blind_obj_238
1279,roller2_blind_obj_239@node_13697,1276,roller2_blind_obj_239
1280,roller2_blind_obj_240@node_13698,1277,roller2_blind_obj_240
1281,roller2_blind_obj_241@node_13699,1278,roller2_blind_obj_241
1282,roller2_blind_obj_242@node_13700,1279,roller2_blind_obj_242
1283,roller2_blind_obj_243@node_13701,1280,roller2_blind_obj_243
1284,roller2_blind_obj_244@node_13702,1281,roller2_blind_obj_244
1285,roller2_blind_obj_245@node_13703,1282,roller2_blind_obj_245
1286,roller2_blind_obj_246@node_13704,1283,roller2_blind_obj_246
1287,roller2_blind_obj_247@node_13705,1284,roller2_blind_obj_247
1288,roller2_blind_obj_248@node_13706,1285,roller2_blind_obj_248
1289,roller2_blind_obj_249@node_13707,1286,roller2_blind_obj_249
1290,roller2_blind_obj_250@node_13708,1287,roller2_blind_obj_250
1291,roller2_blind_obj_251@node_13709,1288,roller2_blind_obj_251
1292,roller2_blind_obj_252@node_13710,1289,roller2_blind_obj_252
1293,roller2_blind_obj_253@node_13711,1290,roller2_blind_obj_253
1294,roller2_blind_obj_254@node_13712,1291,roller2_blind_obj_254
1295,roller2_blind_obj_255@node_13713,1292,roller2_blind_obj_255
1296,roller2_blind_obj_256@node_13714,1293,roller2_blind_obj_256
1297,roller2_blind_obj_257@node_13715,1294,roller2_blind_obj_257
1298,roller2_blind_obj_258@node_13716,1295,roller2_blind_obj_258
1299,roller2_blind_obj_259@node_13717,1296,roller2_blind_obj_259
1300,roller2_blind_obj_260@node_13718,1297,roller2_blind_obj_260
1301,roller2_blind_obj_261@node_13719,1298,roller2_blind_obj_261
1302,roller2_blind_obj_262@node_13720,1299,roller2_blind_obj_262
1303,roller2_blind_obj_263@node_13721,1300,roller2_blind_obj_263
1304,roller2_blind_obj_264@node_13722,1301,roller2_blind_obj_264
1305,roller2_blind_obj_265@node_13723,1302,roller2_blind_obj_265
1306,roller2_blind_obj_266@node_13724,1303,roller2_blind_obj_266
1307,roller2_blind_obj_267@node_13725,1304,roller2_blind_obj_267
1308,roller2_blind_obj_268@node_13726,1305,roller2_blind_obj_268
1309,roller2_blind_obj_269@node_13727,1306,roller2_blind_obj_269
1310,roller2_blind_obj_270@node_13728,1307,roller2_blind_obj_270
1311,roller2_blind_obj_271@node_13729,1308,roller2_blind_obj_271
1312,roller2_blind_obj_272@node_13730,1309,roller2_blind_obj_272
1313,roller2_blind_obj_273@node_13731,1310,roller2_blind_obj_273
1314,roller2_blind_obj_274@node_13732,1311,roller2_blind_obj_274
1315,roller2_blind_obj_275@node_13733,1312,roller2_blind_obj_275
1316,roller2_blind_obj_276@node_13734,1313,roller2_blind_obj_276
1317,roller2_blind_obj_277@node_13735,1314,roller2_blind_obj_277
1318,roller2_blind_obj_278@node_13736,1315,roller2_blind_obj_278
1319,roller2_blind_obj_279@node_13737,1316,roller2_blind_obj_279
1320,roller2_blind_obj_280@node_13738,1317,roller2_blind_obj_280
1321,roller2_blind_obj_281@node_13739,1318,roller2_blind_obj_281
1322,roller2_blind_obj_282@node_13740,1319,roller2_blind_obj_282
1323,roller2_blind_obj_283@node_13741,1320,roller2_blind_obj_283
1324,roller2_blind_obj_284@node_13742,1321,roller2_blind_obj_284
1325,roller2_blind_obj_285@node_13743,1322,roller2_blind_obj_285
1326,roller2_blind_obj_286@node_13744,1323,roller2_blind_obj_286
1327,roller2_blind_obj_287@node_13745,1324,roller2_blind_obj_287
1328,roller2_blind_obj_288@node_13746,1325,roller2_blind_obj_288
1329,roller2_blind_obj_289@node_13747,1326,roller2_blind_obj_289
1330,roller2_blind_obj_290@node_13748,1327,roller2_blind_obj_290
1331,roller2_blind_obj_291@node_13749,1328,roller2_blind_obj_291
1332,roller2_blind_obj_292@node_13750,1329,roller2_blind_obj_292
1333,roller2_blind_obj_293@node_13751,1330,roller2_blind_obj_293
1334,roller2_blind_obj_294@node_13752,1331,roller2_blind_obj_294
1335,roller2_blind_obj_295@node_13753,1332,roller2_blind_obj_295
1336,roller2_blind_obj_296@node_13754,1333,roller2_blind_obj_296
1337,roller2_blind_obj_297@node_13755,1334,roller2_blind_obj_297
1338,roller2_blind_obj_298@node_13756,1335,roller2_blind_obj_298
1339,roller2_blind_obj_299@node_13757,1336,roller2_blind_obj_299
1340,roller2_blind_obj_300@node_13758,1337,roller2_blind_obj_300
1341,roller2_blind_obj_301@node_13759,1338,roller2_blind_obj_301
1342,roller2_blind_obj_302@node_13760,1339,roller2_blind_obj_302
1343,roller2_blind_obj_303@node_13761,1340,roller2_blind_obj_303
1344,roller2_blind_obj_304@node_13762,1341,roller2_blind_obj_304
1345,roller2_blind_obj_305@node_13763,1342,roller2_blind_obj_305
1346,roller2_blind_obj_306@node_13764,1343,roller2_blind_obj_306
1347,roller2_blind_obj_307@node_13765,1344,roller2_blind_obj_307
1348,roller2_blind_obj_308@node_13766,1345,roller2_blind_obj_308
1349,roller2_blind_obj_309@node_13767,1346,roller2_blind_obj_309
1350,roller2_blind_obj_310@node_13768,1347,roller2_blind_obj_310
1351,roller2_blind_obj_311@node_13769,1348,roller2_blind_obj_311
1352,roller2_blind_obj_312@node_13770,1349,roller2_blind_obj_312
1353,roller2_blind_obj_313@node_13771,1350,roller2_blind_obj_313
1354,roller2_blind_obj_314@node_13772,1351,roller2_blind_obj_314
1355,roller2_blind_obj_315@node_13773,1352,roller2_blind_obj_315
1356,roller2_blind_obj_316@node_13774,1353,roller2_blind_obj_316
1357,roller2_blind_obj_317@node_13775,1354,roller2_blind_obj_317
1358,roller2_blind_obj_318@node_13776,1355,roller2_blind_obj_318
1359,roller2_blind_obj_319@node_13777,1356,roller2_blind_obj_319
1360,roller2_blind_obj_320@node_13778,1357,roller2_blind_obj_320
1361,roller2_blind_obj_321@node_13779,1358,roller2_blind_obj_321
1362,roller2_blind_obj_322@node_13780,1359,roller2_blind_obj_322
1363,roller2_blind_obj_323@node_13781,1360,roller2_blind_obj_323
1364,roller2_blind_obj_324@node_13782,1361,roller2_blind_obj_324
1365,roller2_blind_obj_325@node_13783,1362,roller2_blind_obj_325
1366,roller2_blind_obj_326@node_13784,1363,roller2_blind_obj_326
1367,roller2_blind_obj_327@node_13785,1364,roller2_blind_obj_327
1368,roller2_blind_obj_328@node_13786,1365,roller2_blind_obj_328
1369,roller2_blind_obj_329@node_13787,1366,roller2_blind_obj_329
1370,roller2_blind_obj_330@node_13788,1367,roller2_blind_obj_330
1371,roller2_blind_obj_331@node_13789,1368,roller2_blind_obj_331
1372,roller2_blind_obj_332@node_13790,1369,roller2_blind_obj_332
1373,roller2_blind_obj_333@node_13791,1370,roller2_blind_obj_333
1374,roller2_blind_obj_334@node_13793,1371,roller2_blind_obj_334
1375,roller2_blind_obj_335@node_13794,1372,roller2_blind_obj_335
1376,lamp_obj_11@node_13394,1373,lamp_obj_11
1377,lamp_obj_12@node_13395,1374,lamp_obj_12
1378,lamp_obj_10@node_13392,1375,lamp_obj_10
1379,lamp_obj_02@node_13342,1376,lamp_obj_02
1380,lamp_obj_03@node_13343,1377,lamp_obj_03
1381,lamp_obj_01@node_13341,1378,lamp_obj_01
1382,lamp_obj_08@node_13386,1379,lamp_obj_08
1383,lamp_obj_09@node_13387,1380,lamp_obj_09
1384,lamp_obj_07@node_13384,1381,lamp_obj_07
1385,lamp_obj_05@node_13382,1382,lamp_obj_05
1386,lamp_obj_06@node_13383,1383,lamp_obj_06
1387,lamp_obj_04@node_13380,1384,lamp_obj_04
1388,perfume3_obj_04@node_18275,1385,perfume3_obj_04
1389,perfume3_obj_05@node_18277,1386,perfume3_obj_05
1390,perfume3_obj_06@node_18278,1387,perfume3_obj_06
1391,nail_polish_obj_01@node_9270,1388,nail_polish_obj_01
1392,nail_polish_obj_02@node_9268,1389,nail_polish_obj_02
1393,nail_polish_obj_03@node_9269,1390,nail_polish_obj_03
1394,nail_polish_obj_04@node_9271,-1,_NULL_OBJECT
